2026-08-02T17:09:40.437+07:00  INFO 36708 --- [demo] [restartedMain] com.example.demo.DemoApplication         : Starting DemoApplication using Java 21.0.11 with PID 36708 (/home/rog/eclipse-workspace/demo/target/classes started by rog in /home/rog/eclipse-workspace/demo)
2026-08-02T17:09:40.445+07:00 DEBUG 36708 --- [demo] [restartedMain] com.example.demo.DemoApplication         : Running with Spring Boot v4.1.0, Spring v7.0.8
2026-08-02T17:09:40.447+07:00  INFO 36708 --- [demo] [restartedMain] com.example.demo.DemoApplication         : No active profile set, falling back to 1 default profile: "default"
2026-08-02T17:09:40.513+07:00  INFO 36708 --- [demo] [restartedMain] .e.DevToolsPropertyDefaultsPostProcessor : Devtools property defaults active! Set 'spring.devtools.add-properties' to 'false' to disable
2026-08-02T17:09:40.513+07:00  INFO 36708 --- [demo] [restartedMain] .e.DevToolsPropertyDefaultsPostProcessor : For additional web related logging consider setting the 'logging.level.web' property to 'DEBUG'
2026-08-02T17:09:41.564+07:00  INFO 36708 --- [demo] [restartedMain] o.s.boot.tomcat.TomcatWebServer          : Tomcat initialized with port 8080 (http)
2026-08-02T17:09:41.584+07:00  INFO 36708 --- [demo] [restartedMain] o.apache.catalina.core.StandardService   : Starting service [Tomcat]
2026-08-02T17:09:41.584+07:00  INFO 36708 --- [demo] [restartedMain] o.apache.catalina.core.StandardEngine    : Starting Servlet engine: [Apache Tomcat/11.0.22]
2026-08-02T17:09:41.609+07:00  INFO 36708 --- [demo] [restartedMain] b.w.c.s.WebApplicationContextInitializer : Root WebApplicationContext: initialization completed in 1095 ms
2026-08-02T17:09:42.018+07:00  INFO 36708 --- [demo] [restartedMain] r$InitializeUserDetailsManagerConfigurer : Global AuthenticationManager configured with UserDetailsService bean with name inMemoryUserDetailsManager
2026-08-02T17:09:42.259+07:00  INFO 36708 --- [demo] [restartedMain] o.s.boot.tomcat.TomcatWebServer          : Tomcat started on port 8080 (http) with context path '/'
2026-08-02T17:09:42.273+07:00  INFO 36708 --- [demo] [restartedMain] com.example.demo.DemoApplication         : Started DemoApplication in 2.35 seconds (process running for 2.84)
2026-08-02T17:09:42.283+07:00  INFO 36708 --- [demo] [restartedMain] com.example.demo.PortLogger              : Ứng dụng đang lắng nghe tại cổng: 8080
2026-08-02T17:10:10.391+07:00  INFO 36708 --- [demo] [File Watcher] rtingClassPathChangeChangedEventListener : Restarting due to 1 class path change (1 addition, 0 deletions, 0 modifications)
2026-08-02T17:10:10.396+07:00  INFO 36708 --- [demo] [Thread-1] o.s.boot.tomcat.GracefulShutdown         : Commencing graceful shutdown. Waiting for active requests to complete
2026-08-02T17:10:10.401+07:00  INFO 36708 --- [demo] [tomcat-shutdown] o.s.boot.tomcat.GracefulShutdown         : Graceful shutdown complete
2026-08-02T17:10:10.470+07:00  INFO 36708 --- [demo] [restartedMain] com.example.demo.DemoApplication         : Starting DemoApplication using Java 21.0.11 with PID 36708 (/home/rog/eclipse-workspace/demo/target/classes started by rog in /home/rog/eclipse-workspace/demo)
2026-08-02T17:10:10.471+07:00 DEBUG 36708 --- [demo] [restartedMain] com.example.demo.DemoApplication         : Running with Spring Boot v4.1.0, Spring v7.0.8
2026-08-02T17:10:10.471+07:00  INFO 36708 --- [demo] [restartedMain] com.example.demo.DemoApplication         : No active profile set, falling back to 1 default profile: "default"
2026-08-02T17:10:10.681+07:00  INFO 36708 --- [demo] [restartedMain] o.s.boot.tomcat.TomcatWebServer          : Tomcat initialized with port 8080 (http)
2026-08-02T17:10:10.683+07:00  INFO 36708 --- [demo] [restartedMain] o.apache.catalina.core.StandardService   : Starting service [Tomcat]
2026-08-02T17:10:10.683+07:00  INFO 36708 --- [demo] [restartedMain] o.apache.catalina.core.StandardEngine    : Starting Servlet engine: [Apache Tomcat/11.0.22]
2026-08-02T17:10:10.690+07:00  INFO 36708 --- [demo] [restartedMain] b.w.c.s.WebApplicationContextInitializer : Root WebApplicationContext: initialization completed in 215 ms
2026-08-02T17:10:10.827+07:00  INFO 36708 --- [demo] [restartedMain] r$InitializeUserDetailsManagerConfigurer : Global AuthenticationManager configured with UserDetailsService bean with name inMemoryUserDetailsManager
2026-08-02T17:10:10.874+07:00  INFO 36708 --- [demo] [restartedMain] o.s.boot.tomcat.TomcatWebServer          : Tomcat started on port 8080 (http) with context path '/'
2026-08-02T17:10:10.878+07:00  INFO 36708 --- [demo] [restartedMain] com.example.demo.DemoApplication         : Started DemoApplication in 0.431 seconds (process running for 31.446)
2026-08-02T17:10:10.882+07:00  INFO 36708 --- [demo] [restartedMain] .ConditionEvaluationDeltaLoggingListener : Condition evaluation unchanged
2026-08-02T17:10:10.883+07:00  INFO 36708 --- [demo] [restartedMain] com.example.demo.PortLogger              : Ứng dụng đang lắng nghe tại cổng: 8080
2026-08-02T17:10:29.217+07:00  INFO 36708 --- [demo] [File Watcher] rtingClassPathChangeChangedEventListener : Restarting due to 1 class path change (0 additions, 0 deletions, 1 modification)
2026-08-02T17:10:29.219+07:00  INFO 36708 --- [demo] [Thread-5] o.s.boot.tomcat.GracefulShutdown         : Commencing graceful shutdown. Waiting for active requests to complete
2026-08-02T17:10:29.220+07:00  INFO 36708 --- [demo] [tomcat-shutdown] o.s.boot.tomcat.GracefulShutdown         : Graceful shutdown complete
2026-08-02T17:10:29.292+07:00  INFO 36708 --- [demo] [restartedMain] com.example.demo.DemoApplication         : Starting DemoApplication using Java 21.0.11 with PID 36708 (/home/rog/eclipse-workspace/demo/target/classes started by rog in /home/rog/eclipse-workspace/demo)
2026-08-02T17:10:29.293+07:00 DEBUG 36708 --- [demo] [restartedMain] com.example.demo.DemoApplication         : Running with Spring Boot v4.1.0, Spring v7.0.8
2026-08-02T17:10:29.293+07:00  INFO 36708 --- [demo] [restartedMain] com.example.demo.DemoApplication         : No active profile set, falling back to 1 default profile: "default"
2026-08-02T17:10:29.594+07:00  INFO 36708 --- [demo] [restartedMain] o.s.boot.tomcat.TomcatWebServer          : Tomcat initialized with port 8080 (http)
2026-08-02T17:10:29.595+07:00  INFO 36708 --- [demo] [restartedMain] o.apache.catalina.core.StandardService   : Starting service [Tomcat]
2026-08-02T17:10:29.596+07:00  INFO 36708 --- [demo] [restartedMain] o.apache.catalina.core.StandardEngine    : Starting Servlet engine: [Apache Tomcat/11.0.22]
2026-08-02T17:10:29.603+07:00  INFO 36708 --- [demo] [restartedMain] b.w.c.s.WebApplicationContextInitializer : Root WebApplicationContext: initialization completed in 306 ms
2026-08-02T17:10:29.741+07:00  INFO 36708 --- [demo] [restartedMain] r$InitializeUserDetailsManagerConfigurer : Global AuthenticationManager configured with UserDetailsService bean with name inMemoryUserDetailsManager
2026-08-02T17:10:29.781+07:00  INFO 36708 --- [demo] [restartedMain] o.s.boot.tomcat.TomcatWebServer          : Tomcat started on port 8080 (http) with context path '/'
2026-08-02T17:10:29.784+07:00  INFO 36708 --- [demo] [restartedMain] com.example.demo.DemoApplication         : Started DemoApplication in 0.518 seconds (process running for 50.352)
2026-08-02T17:10:29.785+07:00  INFO 36708 --- [demo] [restartedMain] .ConditionEvaluationDeltaLoggingListener : Condition evaluation unchanged
2026-08-02T17:10:29.786+07:00  INFO 36708 --- [demo] [restartedMain] com.example.demo.PortLogger              : Ứng dụng đang lắng nghe tại cổng: 8080
2026-08-02T17:11:57.189+07:00  INFO 36708 --- [demo] [File Watcher] rtingClassPathChangeChangedEventListener : Restarting due to 1 class path change (0 additions, 0 deletions, 1 modification)
2026-08-02T17:11:57.190+07:00  INFO 36708 --- [demo] [Thread-9] o.s.boot.tomcat.GracefulShutdown         : Commencing graceful shutdown. Waiting for active requests to complete
2026-08-02T17:11:57.191+07:00  INFO 36708 --- [demo] [tomcat-shutdown] o.s.boot.tomcat.GracefulShutdown         : Graceful shutdown complete
2026-08-02T17:11:57.241+07:00  INFO 36708 --- [demo] [restartedMain] com.example.demo.DemoApplication         : Starting DemoApplication using Java 21.0.11 with PID 36708 (/home/rog/eclipse-workspace/demo/target/classes started by rog in /home/rog/eclipse-workspace/demo)
2026-08-02T17:11:57.242+07:00 DEBUG 36708 --- [demo] [restartedMain] com.example.demo.DemoApplication         : Running with Spring Boot v4.1.0, Spring v7.0.8
2026-08-02T17:11:57.242+07:00  INFO 36708 --- [demo] [restartedMain] com.example.demo.DemoApplication         : No active profile set, falling back to 1 default profile: "default"
2026-08-02T17:11:57.371+07:00  INFO 36708 --- [demo] [restartedMain] o.s.boot.tomcat.TomcatWebServer          : Tomcat initialized with port 8080 (http)
2026-08-02T17:11:57.372+07:00  INFO 36708 --- [demo] [restartedMain] o.apache.catalina.core.StandardService   : Starting service [Tomcat]
2026-08-02T17:11:57.372+07:00  INFO 36708 --- [demo] [restartedMain] o.apache.catalina.core.StandardEngine    : Starting Servlet engine: [Apache Tomcat/11.0.22]
2026-08-02T17:11:57.377+07:00  INFO 36708 --- [demo] [restartedMain] b.w.c.s.WebApplicationContextInitializer : Root WebApplicationContext: initialization completed in 133 ms
2026-08-02T17:11:57.397+07:00  WARN 36708 --- [demo] [restartedMain] ConfigServletWebServerApplicationContext : Exception encountered during context initialization - cancelling refresh attempt: org.springframework.beans.factory.BeanCreationException: Error creating bean with name 'productController' defined in file [/home/rog/eclipse-workspace/demo/target/classes/com/example/demo/controller/ProductController.class]: Failed to instantiate [com.example.demo.controller.ProductController]: Constructor threw exception
2026-08-02T17:11:57.397+07:00  INFO 36708 --- [demo] [restartedMain] o.apache.catalina.core.StandardService   : Stopping service [Tomcat]
2026-08-02T17:11:57.404+07:00  INFO 36708 --- [demo] [restartedMain] .s.b.a.l.ConditionEvaluationReportLogger : 

Error starting ApplicationContext. To display the condition evaluation report re-run your application with 'debug' enabled.
2026-08-02T17:11:57.425+07:00 ERROR 36708 --- [demo] [restartedMain] o.s.boot.SpringApplication               : Application run failed

org.springframework.beans.factory.BeanCreationException: Error creating bean with name 'productController' defined in file [/home/rog/eclipse-workspace/demo/target/classes/com/example/demo/controller/ProductController.class]: Failed to instantiate [com.example.demo.controller.ProductController]: Constructor threw exception
	at org.springframework.beans.factory.support.ConstructorResolver.instantiate(ConstructorResolver.java:321) ~[spring-beans-7.0.8.jar:7.0.8]
	at org.springframework.beans.factory.support.ConstructorResolver.autowireConstructor(ConstructorResolver.java:309) ~[spring-beans-7.0.8.jar:7.0.8]
	at org.springframework.beans.factory.support.AbstractAutowireCapableBeanFactory.autowireConstructor(AbstractAutowireCapableBeanFactory.java:1380) ~[spring-beans-7.0.8.jar:7.0.8]
	at org.springframework.beans.factory.support.AbstractAutowireCapableBeanFactory.createBeanInstance(AbstractAutowireCapableBeanFactory.java:1219) ~[spring-beans-7.0.8.jar:7.0.8]
	at org.springframework.beans.factory.support.AbstractAutowireCapableBeanFactory.doCreateBean(AbstractAutowireCapableBeanFactory.java:565) ~[spring-beans-7.0.8.jar:7.0.8]
	at org.springframework.beans.factory.support.AbstractAutowireCapableBeanFactory.createBean(AbstractAutowireCapableBeanFactory.java:525) ~[spring-beans-7.0.8.jar:7.0.8]
	at org.springframework.beans.factory.support.AbstractBeanFactory.lambda$doGetBean$0(AbstractBeanFactory.java:333) ~[spring-beans-7.0.8.jar:7.0.8]
	at org.springframework.beans.factory.support.DefaultSingletonBeanRegistry.getSingleton(DefaultSingletonBeanRegistry.java:371) ~[spring-beans-7.0.8.jar:7.0.8]
	at org.springframework.beans.factory.support.AbstractBeanFactory.doGetBean(AbstractBeanFactory.java:331) ~[spring-beans-7.0.8.jar:7.0.8]
	at org.springframework.beans.factory.support.AbstractBeanFactory.getBean(AbstractBeanFactory.java:196) ~[spring-beans-7.0.8.jar:7.0.8]
	at org.springframework.beans.factory.support.DefaultListableBeanFactory.instantiateSingleton(DefaultListableBeanFactory.java:1225) ~[spring-beans-7.0.8.jar:7.0.8]
	at org.springframework.beans.factory.support.DefaultListableBeanFactory.preInstantiateSingleton(DefaultListableBeanFactory.java:1191) ~[spring-beans-7.0.8.jar:7.0.8]
	at org.springframework.beans.factory.support.DefaultListableBeanFactory.preInstantiateSingletons(DefaultListableBeanFactory.java:1121) ~[spring-beans-7.0.8.jar:7.0.8]
	at org.springframework.context.support.AbstractApplicationContext.finishBeanFactoryInitialization(AbstractApplicationContext.java:994) ~[spring-context-7.0.8.jar:7.0.8]
	at org.springframework.context.support.AbstractApplicationContext.refresh(AbstractApplicationContext.java:621) ~[spring-context-7.0.8.jar:7.0.8]
	at org.springframework.boot.web.server.servlet.context.ServletWebServerApplicationContext.refresh(ServletWebServerApplicationContext.java:143) ~[spring-boot-web-server-4.1.0.jar:4.1.0]
	at org.springframework.boot.SpringApplication.refresh(SpringApplication.java:756) ~[spring-boot-4.1.0.jar:4.1.0]
	at org.springframework.boot.SpringApplication.refreshContext(SpringApplication.java:445) ~[spring-boot-4.1.0.jar:4.1.0]
	at org.springframework.boot.SpringApplication.run(SpringApplication.java:321) ~[spring-boot-4.1.0.jar:4.1.0]
	at org.springframework.boot.SpringApplication.run(SpringApplication.java:1365) ~[spring-boot-4.1.0.jar:4.1.0]
	at org.springframework.boot.SpringApplication.run(SpringApplication.java:1354) ~[spring-boot-4.1.0.jar:4.1.0]
	at com.example.demo.DemoApplication.main(DemoApplication.java:10) ~[classes/:na]
	at java.base/jdk.internal.reflect.DirectMethodHandleAccessor.invoke(DirectMethodHandleAccessor.java:103) ~[na:na]
	at java.base/java.lang.reflect.Method.invoke(Method.java:580) ~[na:na]
	at org.springframework.boot.devtools.restart.RestartLauncher.run(RestartLauncher.java:52) ~[spring-boot-devtools-4.1.0.jar:4.1.0]
Caused by: org.springframework.beans.BeanInstantiationException: Failed to instantiate [com.example.demo.controller.ProductController]: Constructor threw exception
	at org.springframework.beans.BeanUtils.instantiateClass(BeanUtils.java:220) ~[spring-beans-7.0.8.jar:7.0.8]
	at org.springframework.beans.factory.support.SimpleInstantiationStrategy.instantiate(SimpleInstantiationStrategy.java:129) ~[spring-beans-7.0.8.jar:7.0.8]
	at org.springframework.beans.factory.support.ConstructorResolver.instantiate(ConstructorResolver.java:318) ~[spring-beans-7.0.8.jar:7.0.8]
	... 24 common frames omitted
Caused by: java.lang.Error: Unresolved compilation problems: 
	Syntax error, insert "enum Identifier" to complete EnumHeader
	Syntax error, insert "EnumBody" to complete EnumDeclaration

	at com.example.demo.controller.ProductController.<init>(ProductController.java:18) ~[classes/:na]
	at java.base/jdk.internal.reflect.DirectConstructorHandleAccessor.newInstance(DirectConstructorHandleAccessor.java:62) ~[na:na]
	at java.base/java.lang.reflect.Constructor.newInstanceWithCaller(Constructor.java:502) ~[na:na]
	at java.base/java.lang.reflect.Constructor.newInstance(Constructor.java:486) ~[na:na]
	at org.springframework.beans.BeanUtils.instantiateClass(BeanUtils.java:207) ~[spring-beans-7.0.8.jar:7.0.8]
	... 26 common frames omitted

2026-08-02T17:14:57.977+07:00  INFO 36708 --- [demo] [restartedMain] com.example.demo.DemoApplication         : Starting DemoApplication using Java 21.0.11 with PID 36708 (/home/rog/eclipse-workspace/demo/target/classes started by rog in /home/rog/eclipse-workspace/demo)
2026-08-02T17:14:57.978+07:00 DEBUG 36708 --- [demo] [restartedMain] com.example.demo.DemoApplication         : Running with Spring Boot v4.1.0, Spring v7.0.8
2026-08-02T17:14:57.978+07:00  INFO 36708 --- [demo] [restartedMain] com.example.demo.DemoApplication         : No active profile set, falling back to 1 default profile: "default"
2026-08-02T17:14:58.087+07:00  INFO 36708 --- [demo] [restartedMain] o.s.boot.tomcat.TomcatWebServer          : Tomcat initialized with port 8080 (http)
2026-08-02T17:14:58.088+07:00  INFO 36708 --- [demo] [restartedMain] o.apache.catalina.core.StandardService   : Starting service [Tomcat]
2026-08-02T17:14:58.089+07:00  INFO 36708 --- [demo] [restartedMain] o.apache.catalina.core.StandardEngine    : Starting Servlet engine: [Apache Tomcat/11.0.22]
2026-08-02T17:14:58.093+07:00  INFO 36708 --- [demo] [restartedMain] b.w.c.s.WebApplicationContextInitializer : Root WebApplicationContext: initialization completed in 113 ms
2026-08-02T17:14:58.108+07:00  WARN 36708 --- [demo] [restartedMain] ConfigServletWebServerApplicationContext : Exception encountered during context initialization - cancelling refresh attempt: org.springframework.beans.factory.BeanCreationException: Error creating bean with name 'productController' defined in file [/home/rog/eclipse-workspace/demo/target/classes/com/example/demo/controller/ProductController.class]: Failed to instantiate [com.example.demo.controller.ProductController]: Constructor threw exception
2026-08-02T17:14:58.109+07:00  INFO 36708 --- [demo] [restartedMain] o.apache.catalina.core.StandardService   : Stopping service [Tomcat]
2026-08-02T17:14:58.112+07:00  INFO 36708 --- [demo] [restartedMain] .s.b.a.l.ConditionEvaluationReportLogger : 

Error starting ApplicationContext. To display the condition evaluation report re-run your application with 'debug' enabled.
2026-08-02T17:14:58.114+07:00 ERROR 36708 --- [demo] [restartedMain] o.s.boot.SpringApplication               : Application run failed

org.springframework.beans.factory.BeanCreationException: Error creating bean with name 'productController' defined in file [/home/rog/eclipse-workspace/demo/target/classes/com/example/demo/controller/ProductController.class]: Failed to instantiate [com.example.demo.controller.ProductController]: Constructor threw exception
	at org.springframework.beans.factory.support.ConstructorResolver.instantiate(ConstructorResolver.java:321) ~[spring-beans-7.0.8.jar:7.0.8]
	at org.springframework.beans.factory.support.ConstructorResolver.autowireConstructor(ConstructorResolver.java:309) ~[spring-beans-7.0.8.jar:7.0.8]
	at org.springframework.beans.factory.support.AbstractAutowireCapableBeanFactory.autowireConstructor(AbstractAutowireCapableBeanFactory.java:1380) ~[spring-beans-7.0.8.jar:7.0.8]
	at org.springframework.beans.factory.support.AbstractAutowireCapableBeanFactory.createBeanInstance(AbstractAutowireCapableBeanFactory.java:1219) ~[spring-beans-7.0.8.jar:7.0.8]
	at org.springframework.beans.factory.support.AbstractAutowireCapableBeanFactory.doCreateBean(AbstractAutowireCapableBeanFactory.java:565) ~[spring-beans-7.0.8.jar:7.0.8]
	at org.springframework.beans.factory.support.AbstractAutowireCapableBeanFactory.createBean(AbstractAutowireCapableBeanFactory.java:525) ~[spring-beans-7.0.8.jar:7.0.8]
	at org.springframework.beans.factory.support.AbstractBeanFactory.lambda$doGetBean$0(AbstractBeanFactory.java:333) ~[spring-beans-7.0.8.jar:7.0.8]
	at org.springframework.beans.factory.support.DefaultSingletonBeanRegistry.getSingleton(DefaultSingletonBeanRegistry.java:371) ~[spring-beans-7.0.8.jar:7.0.8]
	at org.springframework.beans.factory.support.AbstractBeanFactory.doGetBean(AbstractBeanFactory.java:331) ~[spring-beans-7.0.8.jar:7.0.8]
	at org.springframework.beans.factory.support.AbstractBeanFactory.getBean(AbstractBeanFactory.java:196) ~[spring-beans-7.0.8.jar:7.0.8]
	at org.springframework.beans.factory.support.DefaultListableBeanFactory.instantiateSingleton(DefaultListableBeanFactory.java:1225) ~[spring-beans-7.0.8.jar:7.0.8]
	at org.springframework.beans.factory.support.DefaultListableBeanFactory.preInstantiateSingleton(DefaultListableBeanFactory.java:1191) ~[spring-beans-7.0.8.jar:7.0.8]
	at org.springframework.beans.factory.support.DefaultListableBeanFactory.preInstantiateSingletons(DefaultListableBeanFactory.java:1121) ~[spring-beans-7.0.8.jar:7.0.8]
	at org.springframework.context.support.AbstractApplicationContext.finishBeanFactoryInitialization(AbstractApplicationContext.java:994) ~[spring-context-7.0.8.jar:7.0.8]
	at org.springframework.context.support.AbstractApplicationContext.refresh(AbstractApplicationContext.java:621) ~[spring-context-7.0.8.jar:7.0.8]
	at org.springframework.boot.web.server.servlet.context.ServletWebServerApplicationContext.refresh(ServletWebServerApplicationContext.java:143) ~[spring-boot-web-server-4.1.0.jar:4.1.0]
	at org.springframework.boot.SpringApplication.refresh(SpringApplication.java:756) ~[spring-boot-4.1.0.jar:4.1.0]
	at org.springframework.boot.SpringApplication.refreshContext(SpringApplication.java:445) ~[spring-boot-4.1.0.jar:4.1.0]
	at org.springframework.boot.SpringApplication.run(SpringApplication.java:321) ~[spring-boot-4.1.0.jar:4.1.0]
	at org.springframework.boot.SpringApplication.run(SpringApplication.java:1365) ~[spring-boot-4.1.0.jar:4.1.0]
	at org.springframework.boot.SpringApplication.run(SpringApplication.java:1354) ~[spring-boot-4.1.0.jar:4.1.0]
	at com.example.demo.DemoApplication.main(DemoApplication.java:10) ~[classes/:na]
	at java.base/jdk.internal.reflect.DirectMethodHandleAccessor.invoke(DirectMethodHandleAccessor.java:103) ~[na:na]
	at java.base/java.lang.reflect.Method.invoke(Method.java:580) ~[na:na]
	at org.springframework.boot.devtools.restart.RestartLauncher.run(RestartLauncher.java:52) ~[spring-boot-devtools-4.1.0.jar:4.1.0]
Caused by: org.springframework.beans.BeanInstantiationException: Failed to instantiate [com.example.demo.controller.ProductController]: Constructor threw exception
	at org.springframework.beans.BeanUtils.instantiateClass(BeanUtils.java:220) ~[spring-beans-7.0.8.jar:7.0.8]
	at org.springframework.beans.factory.support.SimpleInstantiationStrategy.instantiate(SimpleInstantiationStrategy.java:129) ~[spring-beans-7.0.8.jar:7.0.8]
	at org.springframework.beans.factory.support.ConstructorResolver.instantiate(ConstructorResolver.java:318) ~[spring-beans-7.0.8.jar:7.0.8]
	... 24 common frames omitted
Caused by: java.lang.Error: Unresolved compilation problems: 
	Syntax error, insert "enum Identifier" to complete EnumHeader
	Syntax error, insert "EnumBody" to complete EnumDeclaration

	at com.example.demo.controller.ProductController.<init>(ProductController.java:18) ~[classes/:na]
	at java.base/jdk.internal.reflect.DirectConstructorHandleAccessor.newInstance(DirectConstructorHandleAccessor.java:62) ~[na:na]
	at java.base/java.lang.reflect.Constructor.newInstanceWithCaller(Constructor.java:502) ~[na:na]
	at java.base/java.lang.reflect.Constructor.newInstance(Constructor.java:486) ~[na:na]
	at org.springframework.beans.BeanUtils.instantiateClass(BeanUtils.java:207) ~[spring-beans-7.0.8.jar:7.0.8]
	... 26 common frames omitted

2026-08-02T17:15:15.544+07:00  INFO 36708 --- [demo] [restartedMain] com.example.demo.DemoApplication         : Starting DemoApplication using Java 21.0.11 with PID 36708 (/home/rog/eclipse-workspace/demo/target/classes started by rog in /home/rog/eclipse-workspace/demo)
2026-08-02T17:15:15.545+07:00 DEBUG 36708 --- [demo] [restartedMain] com.example.demo.DemoApplication         : Running with Spring Boot v4.1.0, Spring v7.0.8
2026-08-02T17:15:15.545+07:00  INFO 36708 --- [demo] [restartedMain] com.example.demo.DemoApplication         : No active profile set, falling back to 1 default profile: "default"
2026-08-02T17:15:15.672+07:00  INFO 36708 --- [demo] [restartedMain] o.s.boot.tomcat.TomcatWebServer          : Tomcat initialized with port 8080 (http)
2026-08-02T17:15:15.673+07:00  INFO 36708 --- [demo] [restartedMain] o.apache.catalina.core.StandardService   : Starting service [Tomcat]
2026-08-02T17:15:15.673+07:00  INFO 36708 --- [demo] [restartedMain] o.apache.catalina.core.StandardEngine    : Starting Servlet engine: [Apache Tomcat/11.0.22]
2026-08-02T17:15:15.678+07:00  INFO 36708 --- [demo] [restartedMain] b.w.c.s.WebApplicationContextInitializer : Root WebApplicationContext: initialization completed in 132 ms
2026-08-02T17:15:15.692+07:00  WARN 36708 --- [demo] [restartedMain] ConfigServletWebServerApplicationContext : Exception encountered during context initialization - cancelling refresh attempt: org.springframework.beans.factory.BeanCreationException: Error creating bean with name 'productController' defined in file [/home/rog/eclipse-workspace/demo/target/classes/com/example/demo/controller/ProductController.class]: Failed to instantiate [com.example.demo.controller.ProductController]: Constructor threw exception
2026-08-02T17:15:15.693+07:00  INFO 36708 --- [demo] [restartedMain] o.apache.catalina.core.StandardService   : Stopping service [Tomcat]
2026-08-02T17:15:15.696+07:00  INFO 36708 --- [demo] [restartedMain] .s.b.a.l.ConditionEvaluationReportLogger : 

Error starting ApplicationContext. To display the condition evaluation report re-run your application with 'debug' enabled.
2026-08-02T17:15:15.697+07:00 ERROR 36708 --- [demo] [restartedMain] o.s.boot.SpringApplication               : Application run failed

org.springframework.beans.factory.BeanCreationException: Error creating bean with name 'productController' defined in file [/home/rog/eclipse-workspace/demo/target/classes/com/example/demo/controller/ProductController.class]: Failed to instantiate [com.example.demo.controller.ProductController]: Constructor threw exception
	at org.springframework.beans.factory.support.ConstructorResolver.instantiate(ConstructorResolver.java:321) ~[spring-beans-7.0.8.jar:7.0.8]
	at org.springframework.beans.factory.support.ConstructorResolver.autowireConstructor(ConstructorResolver.java:309) ~[spring-beans-7.0.8.jar:7.0.8]
	at org.springframework.beans.factory.support.AbstractAutowireCapableBeanFactory.autowireConstructor(AbstractAutowireCapableBeanFactory.java:1380) ~[spring-beans-7.0.8.jar:7.0.8]
	at org.springframework.beans.factory.support.AbstractAutowireCapableBeanFactory.createBeanInstance(AbstractAutowireCapableBeanFactory.java:1219) ~[spring-beans-7.0.8.jar:7.0.8]
	at org.springframework.beans.factory.support.AbstractAutowireCapableBeanFactory.doCreateBean(AbstractAutowireCapableBeanFactory.java:565) ~[spring-beans-7.0.8.jar:7.0.8]
	at org.springframework.beans.factory.support.AbstractAutowireCapableBeanFactory.createBean(AbstractAutowireCapableBeanFactory.java:525) ~[spring-beans-7.0.8.jar:7.0.8]
	at org.springframework.beans.factory.support.AbstractBeanFactory.lambda$doGetBean$0(AbstractBeanFactory.java:333) ~[spring-beans-7.0.8.jar:7.0.8]
	at org.springframework.beans.factory.support.DefaultSingletonBeanRegistry.getSingleton(DefaultSingletonBeanRegistry.java:371) ~[spring-beans-7.0.8.jar:7.0.8]
	at org.springframework.beans.factory.support.AbstractBeanFactory.doGetBean(AbstractBeanFactory.java:331) ~[spring-beans-7.0.8.jar:7.0.8]
	at org.springframework.beans.factory.support.AbstractBeanFactory.getBean(AbstractBeanFactory.java:196) ~[spring-beans-7.0.8.jar:7.0.8]
	at org.springframework.beans.factory.support.DefaultListableBeanFactory.instantiateSingleton(DefaultListableBeanFactory.java:1225) ~[spring-beans-7.0.8.jar:7.0.8]
	at org.springframework.beans.factory.support.DefaultListableBeanFactory.preInstantiateSingleton(DefaultListableBeanFactory.java:1191) ~[spring-beans-7.0.8.jar:7.0.8]
	at org.springframework.beans.factory.support.DefaultListableBeanFactory.preInstantiateSingletons(DefaultListableBeanFactory.java:1121) ~[spring-beans-7.0.8.jar:7.0.8]
	at org.springframework.context.support.AbstractApplicationContext.finishBeanFactoryInitialization(AbstractApplicationContext.java:994) ~[spring-context-7.0.8.jar:7.0.8]
	at org.springframework.context.support.AbstractApplicationContext.refresh(AbstractApplicationContext.java:621) ~[spring-context-7.0.8.jar:7.0.8]
	at org.springframework.boot.web.server.servlet.context.ServletWebServerApplicationContext.refresh(ServletWebServerApplicationContext.java:143) ~[spring-boot-web-server-4.1.0.jar:4.1.0]
	at org.springframework.boot.SpringApplication.refresh(SpringApplication.java:756) ~[spring-boot-4.1.0.jar:4.1.0]
	at org.springframework.boot.SpringApplication.refreshContext(SpringApplication.java:445) ~[spring-boot-4.1.0.jar:4.1.0]
	at org.springframework.boot.SpringApplication.run(SpringApplication.java:321) ~[spring-boot-4.1.0.jar:4.1.0]
	at org.springframework.boot.SpringApplication.run(SpringApplication.java:1365) ~[spring-boot-4.1.0.jar:4.1.0]
	at org.springframework.boot.SpringApplication.run(SpringApplication.java:1354) ~[spring-boot-4.1.0.jar:4.1.0]
	at com.example.demo.DemoApplication.main(DemoApplication.java:10) ~[classes/:na]
	at java.base/jdk.internal.reflect.DirectMethodHandleAccessor.invoke(DirectMethodHandleAccessor.java:103) ~[na:na]
	at java.base/java.lang.reflect.Method.invoke(Method.java:580) ~[na:na]
	at org.springframework.boot.devtools.restart.RestartLauncher.run(RestartLauncher.java:52) ~[spring-boot-devtools-4.1.0.jar:4.1.0]
Caused by: org.springframework.beans.BeanInstantiationException: Failed to instantiate [com.example.demo.controller.ProductController]: Constructor threw exception
	at org.springframework.beans.BeanUtils.instantiateClass(BeanUtils.java:220) ~[spring-beans-7.0.8.jar:7.0.8]
	at org.springframework.beans.factory.support.SimpleInstantiationStrategy.instantiate(SimpleInstantiationStrategy.java:129) ~[spring-beans-7.0.8.jar:7.0.8]
	at org.springframework.beans.factory.support.ConstructorResolver.instantiate(ConstructorResolver.java:318) ~[spring-beans-7.0.8.jar:7.0.8]
	... 24 common frames omitted
Caused by: java.lang.Error: Unresolved compilation problems: 
	Syntax error, insert "enum Identifier" to complete EnumHeader
	Syntax error, insert "EnumBody" to complete EnumDeclaration

	at com.example.demo.controller.ProductController.<init>(ProductController.java:18) ~[classes/:na]
	at java.base/jdk.internal.reflect.DirectConstructorHandleAccessor.newInstance(DirectConstructorHandleAccessor.java:62) ~[na:na]
	at java.base/java.lang.reflect.Constructor.newInstanceWithCaller(Constructor.java:502) ~[na:na]
	at java.base/java.lang.reflect.Constructor.newInstance(Constructor.java:486) ~[na:na]
	at org.springframework.beans.BeanUtils.instantiateClass(BeanUtils.java:207) ~[spring-beans-7.0.8.jar:7.0.8]
	... 26 common frames omitted

2026-08-02T17:20:20.331+07:00  INFO 36708 --- [demo] [restartedMain] com.example.demo.DemoApplication         : Starting DemoApplication using Java 21.0.11 with PID 36708 (/home/rog/eclipse-workspace/demo/target/classes started by rog in /home/rog/eclipse-workspace/demo)
2026-08-02T17:20:20.331+07:00 DEBUG 36708 --- [demo] [restartedMain] com.example.demo.DemoApplication         : Running with Spring Boot v4.1.0, Spring v7.0.8
2026-08-02T17:20:20.331+07:00  INFO 36708 --- [demo] [restartedMain] com.example.demo.DemoApplication         : No active profile set, falling back to 1 default profile: "default"
2026-08-02T17:20:20.455+07:00  INFO 36708 --- [demo] [restartedMain] o.s.boot.tomcat.TomcatWebServer          : Tomcat initialized with port 8080 (http)
2026-08-02T17:20:20.456+07:00  INFO 36708 --- [demo] [restartedMain] o.apache.catalina.core.StandardService   : Starting service [Tomcat]
2026-08-02T17:20:20.456+07:00  INFO 36708 --- [demo] [restartedMain] o.apache.catalina.core.StandardEngine    : Starting Servlet engine: [Apache Tomcat/11.0.22]
2026-08-02T17:20:20.461+07:00  INFO 36708 --- [demo] [restartedMain] b.w.c.s.WebApplicationContextInitializer : Root WebApplicationContext: initialization completed in 128 ms
2026-08-02T17:20:20.476+07:00  WARN 36708 --- [demo] [restartedMain] ConfigServletWebServerApplicationContext : Exception encountered during context initialization - cancelling refresh attempt: org.springframework.beans.factory.BeanCreationException: Error creating bean with name 'productController' defined in file [/home/rog/eclipse-workspace/demo/target/classes/com/example/demo/controller/ProductController.class]: Failed to instantiate [com.example.demo.controller.ProductController]: Constructor threw exception
2026-08-02T17:20:20.477+07:00  INFO 36708 --- [demo] [restartedMain] o.apache.catalina.core.StandardService   : Stopping service [Tomcat]
2026-08-02T17:20:20.480+07:00  INFO 36708 --- [demo] [restartedMain] .s.b.a.l.ConditionEvaluationReportLogger : 

Error starting ApplicationContext. To display the condition evaluation report re-run your application with 'debug' enabled.
2026-08-02T17:20:20.483+07:00 ERROR 36708 --- [demo] [restartedMain] o.s.boot.SpringApplication               : Application run failed

org.springframework.beans.factory.BeanCreationException: Error creating bean with name 'productController' defined in file [/home/rog/eclipse-workspace/demo/target/classes/com/example/demo/controller/ProductController.class]: Failed to instantiate [com.example.demo.controller.ProductController]: Constructor threw exception
	at org.springframework.beans.factory.support.ConstructorResolver.instantiate(ConstructorResolver.java:321) ~[spring-beans-7.0.8.jar:7.0.8]
	at org.springframework.beans.factory.support.ConstructorResolver.autowireConstructor(ConstructorResolver.java:309) ~[spring-beans-7.0.8.jar:7.0.8]
	at org.springframework.beans.factory.support.AbstractAutowireCapableBeanFactory.autowireConstructor(AbstractAutowireCapableBeanFactory.java:1380) ~[spring-beans-7.0.8.jar:7.0.8]
	at org.springframework.beans.factory.support.AbstractAutowireCapableBeanFactory.createBeanInstance(AbstractAutowireCapableBeanFactory.java:1219) ~[spring-beans-7.0.8.jar:7.0.8]
	at org.springframework.beans.factory.support.AbstractAutowireCapableBeanFactory.doCreateBean(AbstractAutowireCapableBeanFactory.java:565) ~[spring-beans-7.0.8.jar:7.0.8]
	at org.springframework.beans.factory.support.AbstractAutowireCapableBeanFactory.createBean(AbstractAutowireCapableBeanFactory.java:525) ~[spring-beans-7.0.8.jar:7.0.8]
	at org.springframework.beans.factory.support.AbstractBeanFactory.lambda$doGetBean$0(AbstractBeanFactory.java:333) ~[spring-beans-7.0.8.jar:7.0.8]
	at org.springframework.beans.factory.support.DefaultSingletonBeanRegistry.getSingleton(DefaultSingletonBeanRegistry.java:371) ~[spring-beans-7.0.8.jar:7.0.8]
	at org.springframework.beans.factory.support.AbstractBeanFactory.doGetBean(AbstractBeanFactory.java:331) ~[spring-beans-7.0.8.jar:7.0.8]
	at org.springframework.beans.factory.support.AbstractBeanFactory.getBean(AbstractBeanFactory.java:196) ~[spring-beans-7.0.8.jar:7.0.8]
	at org.springframework.beans.factory.support.DefaultListableBeanFactory.instantiateSingleton(DefaultListableBeanFactory.java:1225) ~[spring-beans-7.0.8.jar:7.0.8]
	at org.springframework.beans.factory.support.DefaultListableBeanFactory.preInstantiateSingleton(DefaultListableBeanFactory.java:1191) ~[spring-beans-7.0.8.jar:7.0.8]
	at org.springframework.beans.factory.support.DefaultListableBeanFactory.preInstantiateSingletons(DefaultListableBeanFactory.java:1121) ~[spring-beans-7.0.8.jar:7.0.8]
	at org.springframework.context.support.AbstractApplicationContext.finishBeanFactoryInitialization(AbstractApplicationContext.java:994) ~[spring-context-7.0.8.jar:7.0.8]
	at org.springframework.context.support.AbstractApplicationContext.refresh(AbstractApplicationContext.java:621) ~[spring-context-7.0.8.jar:7.0.8]
	at org.springframework.boot.web.server.servlet.context.ServletWebServerApplicationContext.refresh(ServletWebServerApplicationContext.java:143) ~[spring-boot-web-server-4.1.0.jar:4.1.0]
	at org.springframework.boot.SpringApplication.refresh(SpringApplication.java:756) ~[spring-boot-4.1.0.jar:4.1.0]
	at org.springframework.boot.SpringApplication.refreshContext(SpringApplication.java:445) ~[spring-boot-4.1.0.jar:4.1.0]
	at org.springframework.boot.SpringApplication.run(SpringApplication.java:321) ~[spring-boot-4.1.0.jar:4.1.0]
	at org.springframework.boot.SpringApplication.run(SpringApplication.java:1365) ~[spring-boot-4.1.0.jar:4.1.0]
	at org.springframework.boot.SpringApplication.run(SpringApplication.java:1354) ~[spring-boot-4.1.0.jar:4.1.0]
	at com.example.demo.DemoApplication.main(DemoApplication.java:10) ~[classes/:na]
	at java.base/jdk.internal.reflect.DirectMethodHandleAccessor.invoke(DirectMethodHandleAccessor.java:103) ~[na:na]
	at java.base/java.lang.reflect.Method.invoke(Method.java:580) ~[na:na]
	at org.springframework.boot.devtools.restart.RestartLauncher.run(RestartLauncher.java:52) ~[spring-boot-devtools-4.1.0.jar:4.1.0]
Caused by: org.springframework.beans.BeanInstantiationException: Failed to instantiate [com.example.demo.controller.ProductController]: Constructor threw exception
	at org.springframework.beans.BeanUtils.instantiateClass(BeanUtils.java:220) ~[spring-beans-7.0.8.jar:7.0.8]
	at org.springframework.beans.factory.support.SimpleInstantiationStrategy.instantiate(SimpleInstantiationStrategy.java:129) ~[spring-beans-7.0.8.jar:7.0.8]
	at org.springframework.beans.factory.support.ConstructorResolver.instantiate(ConstructorResolver.java:318) ~[spring-beans-7.0.8.jar:7.0.8]
	... 24 common frames omitted
Caused by: java.lang.Error: Unresolved compilation problems: 
	Syntax error, insert "enum Identifier" to complete EnumHeader
	Syntax error, insert "EnumBody" to complete EnumDeclaration

	at com.example.demo.controller.ProductController.<init>(ProductController.java:18) ~[classes/:na]
	at java.base/jdk.internal.reflect.DirectConstructorHandleAccessor.newInstance(DirectConstructorHandleAccessor.java:62) ~[na:na]
	at java.base/java.lang.reflect.Constructor.newInstanceWithCaller(Constructor.java:502) ~[na:na]
	at java.base/java.lang.reflect.Constructor.newInstance(Constructor.java:486) ~[na:na]
	at org.springframework.beans.BeanUtils.instantiateClass(BeanUtils.java:207) ~[spring-beans-7.0.8.jar:7.0.8]
	... 26 common frames omitted

2026-08-02T17:20:39.917+07:00  INFO 36708 --- [demo] [restartedMain] com.example.demo.DemoApplication         : Starting DemoApplication using Java 21.0.11 with PID 36708 (/home/rog/eclipse-workspace/demo/target/classes started by rog in /home/rog/eclipse-workspace/demo)
2026-08-02T17:20:39.917+07:00 DEBUG 36708 --- [demo] [restartedMain] com.example.demo.DemoApplication         : Running with Spring Boot v4.1.0, Spring v7.0.8
2026-08-02T17:20:39.917+07:00  INFO 36708 --- [demo] [restartedMain] com.example.demo.DemoApplication         : No active profile set, falling back to 1 default profile: "default"
2026-08-02T17:20:40.029+07:00  INFO 36708 --- [demo] [restartedMain] o.s.boot.tomcat.TomcatWebServer          : Tomcat initialized with port 8080 (http)
2026-08-02T17:20:40.030+07:00  INFO 36708 --- [demo] [restartedMain] o.apache.catalina.core.StandardService   : Starting service [Tomcat]
2026-08-02T17:20:40.031+07:00  INFO 36708 --- [demo] [restartedMain] o.apache.catalina.core.StandardEngine    : Starting Servlet engine: [Apache Tomcat/11.0.22]
2026-08-02T17:20:40.035+07:00  INFO 36708 --- [demo] [restartedMain] b.w.c.s.WebApplicationContextInitializer : Root WebApplicationContext: initialization completed in 116 ms
2026-08-02T17:20:40.052+07:00  WARN 36708 --- [demo] [restartedMain] ConfigServletWebServerApplicationContext : Exception encountered during context initialization - cancelling refresh attempt: org.springframework.beans.factory.BeanCreationException: Error creating bean with name 'productController' defined in file [/home/rog/eclipse-workspace/demo/target/classes/com/example/demo/controller/ProductController.class]: Failed to instantiate [com.example.demo.controller.ProductController]: Constructor threw exception
2026-08-02T17:20:40.052+07:00  INFO 36708 --- [demo] [restartedMain] o.apache.catalina.core.StandardService   : Stopping service [Tomcat]
2026-08-02T17:20:40.054+07:00  INFO 36708 --- [demo] [restartedMain] .s.b.a.l.ConditionEvaluationReportLogger : 

Error starting ApplicationContext. To display the condition evaluation report re-run your application with 'debug' enabled.
2026-08-02T17:20:40.056+07:00 ERROR 36708 --- [demo] [restartedMain] o.s.boot.SpringApplication               : Application run failed

org.springframework.beans.factory.BeanCreationException: Error creating bean with name 'productController' defined in file [/home/rog/eclipse-workspace/demo/target/classes/com/example/demo/controller/ProductController.class]: Failed to instantiate [com.example.demo.controller.ProductController]: Constructor threw exception
	at org.springframework.beans.factory.support.ConstructorResolver.instantiate(ConstructorResolver.java:321) ~[spring-beans-7.0.8.jar:7.0.8]
	at org.springframework.beans.factory.support.ConstructorResolver.autowireConstructor(ConstructorResolver.java:309) ~[spring-beans-7.0.8.jar:7.0.8]
	at org.springframework.beans.factory.support.AbstractAutowireCapableBeanFactory.autowireConstructor(AbstractAutowireCapableBeanFactory.java:1380) ~[spring-beans-7.0.8.jar:7.0.8]
	at org.springframework.beans.factory.support.AbstractAutowireCapableBeanFactory.createBeanInstance(AbstractAutowireCapableBeanFactory.java:1219) ~[spring-beans-7.0.8.jar:7.0.8]
	at org.springframework.beans.factory.support.AbstractAutowireCapableBeanFactory.doCreateBean(AbstractAutowireCapableBeanFactory.java:565) ~[spring-beans-7.0.8.jar:7.0.8]
	at org.springframework.beans.factory.support.AbstractAutowireCapableBeanFactory.createBean(AbstractAutowireCapableBeanFactory.java:525) ~[spring-beans-7.0.8.jar:7.0.8]
	at org.springframework.beans.factory.support.AbstractBeanFactory.lambda$doGetBean$0(AbstractBeanFactory.java:333) ~[spring-beans-7.0.8.jar:7.0.8]
	at org.springframework.beans.factory.support.DefaultSingletonBeanRegistry.getSingleton(DefaultSingletonBeanRegistry.java:371) ~[spring-beans-7.0.8.jar:7.0.8]
	at org.springframework.beans.factory.support.AbstractBeanFactory.doGetBean(AbstractBeanFactory.java:331) ~[spring-beans-7.0.8.jar:7.0.8]
	at org.springframework.beans.factory.support.AbstractBeanFactory.getBean(AbstractBeanFactory.java:196) ~[spring-beans-7.0.8.jar:7.0.8]
	at org.springframework.beans.factory.support.DefaultListableBeanFactory.instantiateSingleton(DefaultListableBeanFactory.java:1225) ~[spring-beans-7.0.8.jar:7.0.8]
	at org.springframework.beans.factory.support.DefaultListableBeanFactory.preInstantiateSingleton(DefaultListableBeanFactory.java:1191) ~[spring-beans-7.0.8.jar:7.0.8]
	at org.springframework.beans.factory.support.DefaultListableBeanFactory.preInstantiateSingletons(DefaultListableBeanFactory.java:1121) ~[spring-beans-7.0.8.jar:7.0.8]
	at org.springframework.context.support.AbstractApplicationContext.finishBeanFactoryInitialization(AbstractApplicationContext.java:994) ~[spring-context-7.0.8.jar:7.0.8]
	at org.springframework.context.support.AbstractApplicationContext.refresh(AbstractApplicationContext.java:621) ~[spring-context-7.0.8.jar:7.0.8]
	at org.springframework.boot.web.server.servlet.context.ServletWebServerApplicationContext.refresh(ServletWebServerApplicationContext.java:143) ~[spring-boot-web-server-4.1.0.jar:4.1.0]
	at org.springframework.boot.SpringApplication.refresh(SpringApplication.java:756) ~[spring-boot-4.1.0.jar:4.1.0]
	at org.springframework.boot.SpringApplication.refreshContext(SpringApplication.java:445) ~[spring-boot-4.1.0.jar:4.1.0]
	at org.springframework.boot.SpringApplication.run(SpringApplication.java:321) ~[spring-boot-4.1.0.jar:4.1.0]
	at org.springframework.boot.SpringApplication.run(SpringApplication.java:1365) ~[spring-boot-4.1.0.jar:4.1.0]
	at org.springframework.boot.SpringApplication.run(SpringApplication.java:1354) ~[spring-boot-4.1.0.jar:4.1.0]
	at com.example.demo.DemoApplication.main(DemoApplication.java:10) ~[classes/:na]
	at java.base/jdk.internal.reflect.DirectMethodHandleAccessor.invoke(DirectMethodHandleAccessor.java:103) ~[na:na]
	at java.base/java.lang.reflect.Method.invoke(Method.java:580) ~[na:na]
	at org.springframework.boot.devtools.restart.RestartLauncher.run(RestartLauncher.java:52) ~[spring-boot-devtools-4.1.0.jar:4.1.0]
Caused by: org.springframework.beans.BeanInstantiationException: Failed to instantiate [com.example.demo.controller.ProductController]: Constructor threw exception
	at org.springframework.beans.BeanUtils.instantiateClass(BeanUtils.java:220) ~[spring-beans-7.0.8.jar:7.0.8]
	at org.springframework.beans.factory.support.SimpleInstantiationStrategy.instantiate(SimpleInstantiationStrategy.java:129) ~[spring-beans-7.0.8.jar:7.0.8]
	at org.springframework.beans.factory.support.ConstructorResolver.instantiate(ConstructorResolver.java:318) ~[spring-beans-7.0.8.jar:7.0.8]
	... 24 common frames omitted
Caused by: java.lang.Error: Unresolved compilation problems: 
	Syntax error, insert "enum Identifier" to complete EnumHeader
	Syntax error, insert "EnumBody" to complete EnumDeclaration

	at com.example.demo.controller.ProductController.<init>(ProductController.java:18) ~[classes/:na]
	at java.base/jdk.internal.reflect.DirectConstructorHandleAccessor.newInstance(DirectConstructorHandleAccessor.java:62) ~[na:na]
	at java.base/java.lang.reflect.Constructor.newInstanceWithCaller(Constructor.java:502) ~[na:na]
	at java.base/java.lang.reflect.Constructor.newInstance(Constructor.java:486) ~[na:na]
	at org.springframework.beans.BeanUtils.instantiateClass(BeanUtils.java:207) ~[spring-beans-7.0.8.jar:7.0.8]
	... 26 common frames omitted

2026-08-02T17:20:59.485+07:00  INFO 36708 --- [demo] [restartedMain] com.example.demo.DemoApplication         : Starting DemoApplication using Java 21.0.11 with PID 36708 (/home/rog/eclipse-workspace/demo/target/classes started by rog in /home/rog/eclipse-workspace/demo)
2026-08-02T17:20:59.486+07:00 DEBUG 36708 --- [demo] [restartedMain] com.example.demo.DemoApplication         : Running with Spring Boot v4.1.0, Spring v7.0.8
2026-08-02T17:20:59.486+07:00  INFO 36708 --- [demo] [restartedMain] com.example.demo.DemoApplication         : No active profile set, falling back to 1 default profile: "default"
2026-08-02T17:20:59.600+07:00  INFO 36708 --- [demo] [restartedMain] o.s.boot.tomcat.TomcatWebServer          : Tomcat initialized with port 8080 (http)
2026-08-02T17:20:59.601+07:00  INFO 36708 --- [demo] [restartedMain] o.apache.catalina.core.StandardService   : Starting service [Tomcat]
2026-08-02T17:20:59.601+07:00  INFO 36708 --- [demo] [restartedMain] o.apache.catalina.core.StandardEngine    : Starting Servlet engine: [Apache Tomcat/11.0.22]
2026-08-02T17:20:59.606+07:00  INFO 36708 --- [demo] [restartedMain] b.w.c.s.WebApplicationContextInitializer : Root WebApplicationContext: initialization completed in 119 ms
2026-08-02T17:20:59.669+07:00  INFO 36708 --- [demo] [restartedMain] r$InitializeUserDetailsManagerConfigurer : Global AuthenticationManager configured with UserDetailsService bean with name inMemoryUserDetailsManager
2026-08-02T17:20:59.685+07:00  INFO 36708 --- [demo] [restartedMain] o.s.boot.tomcat.TomcatWebServer          : Tomcat started on port 8080 (http) with context path '/'
2026-08-02T17:20:59.687+07:00  INFO 36708 --- [demo] [restartedMain] com.example.demo.DemoApplication         : Started DemoApplication in 0.215 seconds (process running for 680.255)
2026-08-02T17:20:59.688+07:00  INFO 36708 --- [demo] [restartedMain] .ConditionEvaluationDeltaLoggingListener : Condition evaluation unchanged
2026-08-02T17:20:59.689+07:00  INFO 36708 --- [demo] [restartedMain] com.example.demo.PortLogger              : Ứng dụng đang lắng nghe tại cổng: 8080
2026-08-02T17:22:12.110+07:00  INFO 36708 --- [demo] [File Watcher] rtingClassPathChangeChangedEventListener : Restarting due to 1 class path change (0 additions, 0 deletions, 1 modification)
2026-08-02T17:22:12.111+07:00  INFO 36708 --- [demo] [Thread-13] o.s.boot.tomcat.GracefulShutdown         : Commencing graceful shutdown. Waiting for active requests to complete
2026-08-02T17:22:12.112+07:00  INFO 36708 --- [demo] [tomcat-shutdown] o.s.boot.tomcat.GracefulShutdown         : Graceful shutdown complete
2026-08-02T17:22:12.160+07:00  INFO 36708 --- [demo] [restartedMain] com.example.demo.DemoApplication         : Starting DemoApplication using Java 21.0.11 with PID 36708 (/home/rog/eclipse-workspace/demo/target/classes started by rog in /home/rog/eclipse-workspace/demo)
2026-08-02T17:22:12.160+07:00 DEBUG 36708 --- [demo] [restartedMain] com.example.demo.DemoApplication         : Running with Spring Boot v4.1.0, Spring v7.0.8
2026-08-02T17:22:12.160+07:00  INFO 36708 --- [demo] [restartedMain] com.example.demo.DemoApplication         : No active profile set, falling back to 1 default profile: "default"
2026-08-02T17:22:12.274+07:00  INFO 36708 --- [demo] [restartedMain] o.s.boot.tomcat.TomcatWebServer          : Tomcat initialized with port 8080 (http)
2026-08-02T17:22:12.276+07:00  INFO 36708 --- [demo] [restartedMain] o.apache.catalina.core.StandardService   : Starting service [Tomcat]
2026-08-02T17:22:12.276+07:00  INFO 36708 --- [demo] [restartedMain] o.apache.catalina.core.StandardEngine    : Starting Servlet engine: [Apache Tomcat/11.0.22]
2026-08-02T17:22:12.281+07:00  INFO 36708 --- [demo] [restartedMain] b.w.c.s.WebApplicationContextInitializer : Root WebApplicationContext: initialization completed in 119 ms
2026-08-02T17:22:12.340+07:00  INFO 36708 --- [demo] [restartedMain] r$InitializeUserDetailsManagerConfigurer : Global AuthenticationManager configured with UserDetailsService bean with name inMemoryUserDetailsManager
2026-08-02T17:22:12.358+07:00  INFO 36708 --- [demo] [restartedMain] o.s.boot.tomcat.TomcatWebServer          : Tomcat started on port 8080 (http) with context path '/'
2026-08-02T17:22:12.360+07:00  INFO 36708 --- [demo] [restartedMain] com.example.demo.DemoApplication         : Started DemoApplication in 0.211 seconds (process running for 752.928)
2026-08-02T17:22:12.361+07:00  INFO 36708 --- [demo] [restartedMain] .ConditionEvaluationDeltaLoggingListener : Condition evaluation unchanged
2026-08-02T17:22:12.361+07:00  INFO 36708 --- [demo] [restartedMain] com.example.demo.PortLogger              : Ứng dụng đang lắng nghe tại cổng: 8080
2026-08-02T17:22:23.700+07:00  INFO 36708 --- [demo] [http-nio-8080-exec-1] o.a.c.c.C.[Tomcat-5].[localhost].[/]     : Initializing Spring DispatcherServlet 'dispatcherServlet'
2026-08-02T17:23:51.800+07:00  INFO 36708 --- [demo] [File Watcher] rtingClassPathChangeChangedEventListener : Restarting due to 2 class path changes (0 additions, 0 deletions, 2 modifications)
2026-08-02T17:23:51.801+07:00  INFO 36708 --- [demo] [Thread-32] o.s.boot.tomcat.GracefulShutdown         : Commencing graceful shutdown. Waiting for active requests to complete
2026-08-02T17:23:51.802+07:00  INFO 36708 --- [demo] [tomcat-shutdown] o.s.boot.tomcat.GracefulShutdown         : Graceful shutdown complete
2026-08-02T17:23:51.886+07:00  INFO 36708 --- [demo] [restartedMain] com.example.demo.DemoApplication         : Starting DemoApplication using Java 21.0.11 with PID 36708 (/home/rog/eclipse-workspace/demo/target/classes started by rog in /home/rog/eclipse-workspace/demo)
2026-08-02T17:23:51.887+07:00 DEBUG 36708 --- [demo] [restartedMain] com.example.demo.DemoApplication         : Running with Spring Boot v4.1.0, Spring v7.0.8
2026-08-02T17:23:51.887+07:00  INFO 36708 --- [demo] [restartedMain] com.example.demo.DemoApplication         : No active profile set, falling back to 1 default profile: "default"
2026-08-02T17:23:52.024+07:00  INFO 36708 --- [demo] [restartedMain] o.s.boot.tomcat.TomcatWebServer          : Tomcat initialized with port 8080 (http)
2026-08-02T17:23:52.025+07:00  INFO 36708 --- [demo] [restartedMain] o.apache.catalina.core.StandardService   : Starting service [Tomcat]
2026-08-02T17:23:52.026+07:00  INFO 36708 --- [demo] [restartedMain] o.apache.catalina.core.StandardEngine    : Starting Servlet engine: [Apache Tomcat/11.0.22]
2026-08-02T17:23:52.031+07:00  INFO 36708 --- [demo] [restartedMain] b.w.c.s.WebApplicationContextInitializer : Root WebApplicationContext: initialization completed in 141 ms
2026-08-02T17:23:52.055+07:00  WARN 36708 --- [demo] [restartedMain] ConfigServletWebServerApplicationContext : Exception encountered during context initialization - cancelling refresh attempt: org.springframework.beans.factory.UnsatisfiedDependencyException: Error creating bean with name 'productController' defined in file [/home/rog/eclipse-workspace/demo/target/classes/com/example/demo/controller/ProductController.class]: Unsatisfied dependency expressed through constructor parameter 0: Error creating bean with name 'productServiceImpl' defined in file [/home/rog/eclipse-workspace/demo/target/classes/com/example/demo/service/ProductServiceImpl.class]: Failed to instantiate [com.example.demo.service.ProductServiceImpl]: Constructor threw exception
2026-08-02T17:23:52.056+07:00  INFO 36708 --- [demo] [restartedMain] o.apache.catalina.core.StandardService   : Stopping service [Tomcat]
2026-08-02T17:23:52.059+07:00  INFO 36708 --- [demo] [restartedMain] .s.b.a.l.ConditionEvaluationReportLogger : 

Error starting ApplicationContext. To display the condition evaluation report re-run your application with 'debug' enabled.
2026-08-02T17:23:52.061+07:00 ERROR 36708 --- [demo] [restartedMain] o.s.boot.SpringApplication               : Application run failed

org.springframework.beans.factory.UnsatisfiedDependencyException: Error creating bean with name 'productController' defined in file [/home/rog/eclipse-workspace/demo/target/classes/com/example/demo/controller/ProductController.class]: Unsatisfied dependency expressed through constructor parameter 0: Error creating bean with name 'productServiceImpl' defined in file [/home/rog/eclipse-workspace/demo/target/classes/com/example/demo/service/ProductServiceImpl.class]: Failed to instantiate [com.example.demo.service.ProductServiceImpl]: Constructor threw exception
	at org.springframework.beans.factory.support.ConstructorResolver.createArgumentArray(ConstructorResolver.java:804) ~[spring-beans-7.0.8.jar:7.0.8]
	at org.springframework.beans.factory.support.ConstructorResolver.autowireConstructor(ConstructorResolver.java:240) ~[spring-beans-7.0.8.jar:7.0.8]
	at org.springframework.beans.factory.support.AbstractAutowireCapableBeanFactory.autowireConstructor(AbstractAutowireCapableBeanFactory.java:1380) ~[spring-beans-7.0.8.jar:7.0.8]
	at org.springframework.beans.factory.support.AbstractAutowireCapableBeanFactory.createBeanInstance(AbstractAutowireCapableBeanFactory.java:1219) ~[spring-beans-7.0.8.jar:7.0.8]
	at org.springframework.beans.factory.support.AbstractAutowireCapableBeanFactory.doCreateBean(AbstractAutowireCapableBeanFactory.java:565) ~[spring-beans-7.0.8.jar:7.0.8]
	at org.springframework.beans.factory.support.AbstractAutowireCapableBeanFactory.createBean(AbstractAutowireCapableBeanFactory.java:525) ~[spring-beans-7.0.8.jar:7.0.8]
	at org.springframework.beans.factory.support.AbstractBeanFactory.lambda$doGetBean$0(AbstractBeanFactory.java:333) ~[spring-beans-7.0.8.jar:7.0.8]
	at org.springframework.beans.factory.support.DefaultSingletonBeanRegistry.getSingleton(DefaultSingletonBeanRegistry.java:371) ~[spring-beans-7.0.8.jar:7.0.8]
	at org.springframework.beans.factory.support.AbstractBeanFactory.doGetBean(AbstractBeanFactory.java:331) ~[spring-beans-7.0.8.jar:7.0.8]
	at org.springframework.beans.factory.support.AbstractBeanFactory.getBean(AbstractBeanFactory.java:196) ~[spring-beans-7.0.8.jar:7.0.8]
	at org.springframework.beans.factory.support.DefaultListableBeanFactory.instantiateSingleton(DefaultListableBeanFactory.java:1225) ~[spring-beans-7.0.8.jar:7.0.8]
	at org.springframework.beans.factory.support.DefaultListableBeanFactory.preInstantiateSingleton(DefaultListableBeanFactory.java:1191) ~[spring-beans-7.0.8.jar:7.0.8]
	at org.springframework.beans.factory.support.DefaultListableBeanFactory.preInstantiateSingletons(DefaultListableBeanFactory.java:1121) ~[spring-beans-7.0.8.jar:7.0.8]
	at org.springframework.context.support.AbstractApplicationContext.finishBeanFactoryInitialization(AbstractApplicationContext.java:994) ~[spring-context-7.0.8.jar:7.0.8]
	at org.springframework.context.support.AbstractApplicationContext.refresh(AbstractApplicationContext.java:621) ~[spring-context-7.0.8.jar:7.0.8]
	at org.springframework.boot.web.server.servlet.context.ServletWebServerApplicationContext.refresh(ServletWebServerApplicationContext.java:143) ~[spring-boot-web-server-4.1.0.jar:4.1.0]
	at org.springframework.boot.SpringApplication.refresh(SpringApplication.java:756) ~[spring-boot-4.1.0.jar:4.1.0]
	at org.springframework.boot.SpringApplication.refreshContext(SpringApplication.java:445) ~[spring-boot-4.1.0.jar:4.1.0]
	at org.springframework.boot.SpringApplication.run(SpringApplication.java:321) ~[spring-boot-4.1.0.jar:4.1.0]
	at org.springframework.boot.SpringApplication.run(SpringApplication.java:1365) ~[spring-boot-4.1.0.jar:4.1.0]
	at org.springframework.boot.SpringApplication.run(SpringApplication.java:1354) ~[spring-boot-4.1.0.jar:4.1.0]
	at com.example.demo.DemoApplication.main(DemoApplication.java:10) ~[classes/:na]
	at java.base/jdk.internal.reflect.DirectMethodHandleAccessor.invoke(DirectMethodHandleAccessor.java:103) ~[na:na]
	at java.base/java.lang.reflect.Method.invoke(Method.java:580) ~[na:na]
	at org.springframework.boot.devtools.restart.RestartLauncher.run(RestartLauncher.java:52) ~[spring-boot-devtools-4.1.0.jar:4.1.0]
Caused by: org.springframework.beans.factory.BeanCreationException: Error creating bean with name 'productServiceImpl' defined in file [/home/rog/eclipse-workspace/demo/target/classes/com/example/demo/service/ProductServiceImpl.class]: Failed to instantiate [com.example.demo.service.ProductServiceImpl]: Constructor threw exception
	at org.springframework.beans.factory.support.AbstractAutowireCapableBeanFactory.instantiateBean(AbstractAutowireCapableBeanFactory.java:1342) ~[spring-beans-7.0.8.jar:7.0.8]
	at org.springframework.beans.factory.support.AbstractAutowireCapableBeanFactory.createBeanInstance(AbstractAutowireCapableBeanFactory.java:1229) ~[spring-beans-7.0.8.jar:7.0.8]
	at org.springframework.beans.factory.support.AbstractAutowireCapableBeanFactory.doCreateBean(AbstractAutowireCapableBeanFactory.java:565) ~[spring-beans-7.0.8.jar:7.0.8]
	at org.springframework.beans.factory.support.AbstractAutowireCapableBeanFactory.createBean(AbstractAutowireCapableBeanFactory.java:525) ~[spring-beans-7.0.8.jar:7.0.8]
	at org.springframework.beans.factory.support.AbstractBeanFactory.lambda$doGetBean$0(AbstractBeanFactory.java:333) ~[spring-beans-7.0.8.jar:7.0.8]
	at org.springframework.beans.factory.support.DefaultSingletonBeanRegistry.getSingleton(DefaultSingletonBeanRegistry.java:371) ~[spring-beans-7.0.8.jar:7.0.8]
	at org.springframework.beans.factory.support.AbstractBeanFactory.doGetBean(AbstractBeanFactory.java:331) ~[spring-beans-7.0.8.jar:7.0.8]
	at org.springframework.beans.factory.support.AbstractBeanFactory.getBean(AbstractBeanFactory.java:201) ~[spring-beans-7.0.8.jar:7.0.8]
	at org.springframework.beans.factory.support.DefaultListableBeanFactory.resolveBean(DefaultListableBeanFactory.java:1232) ~[spring-beans-7.0.8.jar:7.0.8]
	at org.springframework.beans.factory.support.DefaultListableBeanFactory.doResolveDependency(DefaultListableBeanFactory.java:1711) ~[spring-beans-7.0.8.jar:7.0.8]
	at org.springframework.beans.factory.support.DefaultListableBeanFactory.resolveDependency(DefaultListableBeanFactory.java:1658) ~[spring-beans-7.0.8.jar:7.0.8]
	at org.springframework.beans.factory.support.ConstructorResolver.resolveAutowiredArgument(ConstructorResolver.java:912) ~[spring-beans-7.0.8.jar:7.0.8]
	at org.springframework.beans.factory.support.ConstructorResolver.createArgumentArray(ConstructorResolver.java:791) ~[spring-beans-7.0.8.jar:7.0.8]
	... 24 common frames omitted
Caused by: org.springframework.beans.BeanInstantiationException: Failed to instantiate [com.example.demo.service.ProductServiceImpl]: Constructor threw exception
	at org.springframework.beans.BeanUtils.instantiateClass(BeanUtils.java:220) ~[spring-beans-7.0.8.jar:7.0.8]
	at org.springframework.beans.factory.support.SimpleInstantiationStrategy.instantiate(SimpleInstantiationStrategy.java:106) ~[spring-beans-7.0.8.jar:7.0.8]
	at org.springframework.beans.factory.support.AbstractAutowireCapableBeanFactory.instantiateBean(AbstractAutowireCapableBeanFactory.java:1336) ~[spring-beans-7.0.8.jar:7.0.8]
	... 36 common frames omitted
Caused by: java.lang.Error: Unresolved compilation problems: 
	The constructor Product(long, String, int, int) is undefined
	The constructor Product(long, String, int, int) is undefined
	The constructor Product(long, String, int, int) is undefined

	at com.example.demo.service.ProductServiceImpl.<init>(ProductServiceImpl.java:15) ~[classes/:na]
	at java.base/jdk.internal.reflect.DirectConstructorHandleAccessor.newInstance(DirectConstructorHandleAccessor.java:62) ~[na:na]
	at java.base/java.lang.reflect.Constructor.newInstanceWithCaller(Constructor.java:502) ~[na:na]
	at java.base/java.lang.reflect.Constructor.newInstance(Constructor.java:486) ~[na:na]
	at org.springframework.beans.BeanUtils.instantiateClass(BeanUtils.java:194) ~[spring-beans-7.0.8.jar:7.0.8]
	... 38 common frames omitted

2026-08-02T17:24:04.487+07:00  INFO 36708 --- [demo] [restartedMain] com.example.demo.DemoApplication         : Starting DemoApplication using Java 21.0.11 with PID 36708 (/home/rog/eclipse-workspace/demo/target/classes started by rog in /home/rog/eclipse-workspace/demo)
2026-08-02T17:24:04.487+07:00 DEBUG 36708 --- [demo] [restartedMain] com.example.demo.DemoApplication         : Running with Spring Boot v4.1.0, Spring v7.0.8
2026-08-02T17:24:04.487+07:00  INFO 36708 --- [demo] [restartedMain] com.example.demo.DemoApplication         : No active profile set, falling back to 1 default profile: "default"
2026-08-02T17:24:04.609+07:00  INFO 36708 --- [demo] [restartedMain] o.s.boot.tomcat.TomcatWebServer          : Tomcat initialized with port 8080 (http)
2026-08-02T17:24:04.610+07:00  INFO 36708 --- [demo] [restartedMain] o.apache.catalina.core.StandardService   : Starting service [Tomcat]
2026-08-02T17:24:04.611+07:00  INFO 36708 --- [demo] [restartedMain] o.apache.catalina.core.StandardEngine    : Starting Servlet engine: [Apache Tomcat/11.0.22]
2026-08-02T17:24:04.614+07:00  INFO 36708 --- [demo] [restartedMain] b.w.c.s.WebApplicationContextInitializer : Root WebApplicationContext: initialization completed in 125 ms
2026-08-02T17:24:04.673+07:00  INFO 36708 --- [demo] [restartedMain] r$InitializeUserDetailsManagerConfigurer : Global AuthenticationManager configured with UserDetailsService bean with name inMemoryUserDetailsManager
2026-08-02T17:24:04.691+07:00  INFO 36708 --- [demo] [restartedMain] o.s.boot.tomcat.TomcatWebServer          : Tomcat started on port 8080 (http) with context path '/'
2026-08-02T17:24:04.694+07:00  INFO 36708 --- [demo] [restartedMain] com.example.demo.DemoApplication         : Started DemoApplication in 0.22 seconds (process running for 865.261)
2026-08-02T17:24:04.695+07:00  INFO 36708 --- [demo] [restartedMain] .ConditionEvaluationDeltaLoggingListener : Condition evaluation unchanged
2026-08-02T17:24:04.695+07:00  INFO 36708 --- [demo] [restartedMain] com.example.demo.PortLogger              : Ứng dụng đang lắng nghe tại cổng: 8080
2026-08-02T17:24:13.679+07:00  INFO 36708 --- [demo] [http-nio-8080-exec-2] o.a.c.c.C.[Tomcat-6].[localhost].[/]     : Initializing Spring DispatcherServlet 'dispatcherServlet'
2026-08-02T17:24:57.099+07:00  INFO 36708 --- [demo] [File Watcher] rtingClassPathChangeChangedEventListener : Restarting due to 2 class path changes (0 additions, 0 deletions, 2 modifications)
2026-08-02T17:24:57.100+07:00  INFO 36708 --- [demo] [Thread-36] o.s.boot.tomcat.GracefulShutdown         : Commencing graceful shutdown. Waiting for active requests to complete
2026-08-02T17:24:57.101+07:00  INFO 36708 --- [demo] [tomcat-shutdown] o.s.boot.tomcat.GracefulShutdown         : Graceful shutdown complete
2026-08-02T17:24:57.155+07:00  INFO 36708 --- [demo] [restartedMain] com.example.demo.DemoApplication         : Starting DemoApplication using Java 21.0.11 with PID 36708 (/home/rog/eclipse-workspace/demo/target/classes started by rog in /home/rog/eclipse-workspace/demo)
2026-08-02T17:24:57.155+07:00 DEBUG 36708 --- [demo] [restartedMain] com.example.demo.DemoApplication         : Running with Spring Boot v4.1.0, Spring v7.0.8
2026-08-02T17:24:57.155+07:00  INFO 36708 --- [demo] [restartedMain] com.example.demo.DemoApplication         : No active profile set, falling back to 1 default profile: "default"
2026-08-02T17:24:57.255+07:00  INFO 36708 --- [demo] [restartedMain] o.s.boot.tomcat.TomcatWebServer          : Tomcat initialized with port 8080 (http)
2026-08-02T17:24:57.256+07:00  INFO 36708 --- [demo] [restartedMain] o.apache.catalina.core.StandardService   : Starting service [Tomcat]
2026-08-02T17:24:57.256+07:00  INFO 36708 --- [demo] [restartedMain] o.apache.catalina.core.StandardEngine    : Starting Servlet engine: [Apache Tomcat/11.0.22]
2026-08-02T17:24:57.260+07:00  INFO 36708 --- [demo] [restartedMain] b.w.c.s.WebApplicationContextInitializer : Root WebApplicationContext: initialization completed in 103 ms
2026-08-02T17:24:57.331+07:00  INFO 36708 --- [demo] [restartedMain] r$InitializeUserDetailsManagerConfigurer : Global AuthenticationManager configured with UserDetailsService bean with name inMemoryUserDetailsManager
2026-08-02T17:24:57.349+07:00  INFO 36708 --- [demo] [restartedMain] o.s.boot.tomcat.TomcatWebServer          : Tomcat started on port 8080 (http) with context path '/'
2026-08-02T17:24:57.351+07:00  INFO 36708 --- [demo] [restartedMain] com.example.demo.DemoApplication         : Started DemoApplication in 0.209 seconds (process running for 917.919)
2026-08-02T17:24:57.353+07:00  INFO 36708 --- [demo] [restartedMain] .ConditionEvaluationDeltaLoggingListener : Condition evaluation unchanged
2026-08-02T17:24:57.353+07:00  INFO 36708 --- [demo] [restartedMain] com.example.demo.PortLogger              : Ứng dụng đang lắng nghe tại cổng: 8080
2026-08-02T17:25:31.746+07:00  INFO 36708 --- [demo] [File Watcher] rtingClassPathChangeChangedEventListener : Restarting due to 2 class path changes (0 additions, 0 deletions, 2 modifications)
2026-08-02T17:25:31.747+07:00  INFO 36708 --- [demo] [Thread-43] o.s.boot.tomcat.GracefulShutdown         : Commencing graceful shutdown. Waiting for active requests to complete
2026-08-02T17:25:31.748+07:00  INFO 36708 --- [demo] [tomcat-shutdown] o.s.boot.tomcat.GracefulShutdown         : Graceful shutdown complete
2026-08-02T17:25:31.805+07:00  INFO 36708 --- [demo] [restartedMain] com.example.demo.DemoApplication         : Starting DemoApplication using Java 21.0.11 with PID 36708 (/home/rog/eclipse-workspace/demo/target/classes started by rog in /home/rog/eclipse-workspace/demo)
2026-08-02T17:25:31.805+07:00 DEBUG 36708 --- [demo] [restartedMain] com.example.demo.DemoApplication         : Running with Spring Boot v4.1.0, Spring v7.0.8
2026-08-02T17:25:31.805+07:00  INFO 36708 --- [demo] [restartedMain] com.example.demo.DemoApplication         : No active profile set, falling back to 1 default profile: "default"
2026-08-02T17:25:31.908+07:00  INFO 36708 --- [demo] [restartedMain] o.s.boot.tomcat.TomcatWebServer          : Tomcat initialized with port 8080 (http)
2026-08-02T17:25:31.909+07:00  INFO 36708 --- [demo] [restartedMain] o.apache.catalina.core.StandardService   : Starting service [Tomcat]
2026-08-02T17:25:31.910+07:00  INFO 36708 --- [demo] [restartedMain] o.apache.catalina.core.StandardEngine    : Starting Servlet engine: [Apache Tomcat/11.0.22]
2026-08-02T17:25:31.914+07:00  INFO 36708 --- [demo] [restartedMain] b.w.c.s.WebApplicationContextInitializer : Root WebApplicationContext: initialization completed in 107 ms
2026-08-02T17:25:31.968+07:00  INFO 36708 --- [demo] [restartedMain] r$InitializeUserDetailsManagerConfigurer : Global AuthenticationManager configured with UserDetailsService bean with name inMemoryUserDetailsManager
2026-08-02T17:25:31.985+07:00  INFO 36708 --- [demo] [restartedMain] o.s.boot.tomcat.TomcatWebServer          : Tomcat started on port 8080 (http) with context path '/'
2026-08-02T17:25:31.987+07:00  INFO 36708 --- [demo] [restartedMain] com.example.demo.DemoApplication         : Started DemoApplication in 0.196 seconds (process running for 952.555)
2026-08-02T17:25:31.988+07:00  INFO 36708 --- [demo] [restartedMain] .ConditionEvaluationDeltaLoggingListener : Condition evaluation unchanged
2026-08-02T17:25:31.988+07:00  INFO 36708 --- [demo] [restartedMain] com.example.demo.PortLogger              : Ứng dụng đang lắng nghe tại cổng: 8080
2026-08-02T17:28:25.473+07:00  INFO 36708 --- [demo] [File Watcher] rtingClassPathChangeChangedEventListener : Restarting due to 1 class path change (0 additions, 0 deletions, 1 modification)
2026-08-02T17:28:25.474+07:00  INFO 36708 --- [demo] [Thread-47] o.s.boot.tomcat.GracefulShutdown         : Commencing graceful shutdown. Waiting for active requests to complete
2026-08-02T17:28:25.475+07:00  INFO 36708 --- [demo] [tomcat-shutdown] o.s.boot.tomcat.GracefulShutdown         : Graceful shutdown complete
2026-08-02T17:28:25.527+07:00  INFO 36708 --- [demo] [restartedMain] com.example.demo.DemoApplication         : Starting DemoApplication using Java 21.0.11 with PID 36708 (/home/rog/eclipse-workspace/demo/target/classes started by rog in /home/rog/eclipse-workspace/demo)
2026-08-02T17:28:25.528+07:00 DEBUG 36708 --- [demo] [restartedMain] com.example.demo.DemoApplication         : Running with Spring Boot v4.1.0, Spring v7.0.8
2026-08-02T17:28:25.528+07:00  INFO 36708 --- [demo] [restartedMain] com.example.demo.DemoApplication         : No active profile set, falling back to 1 default profile: "default"
2026-08-02T17:28:25.620+07:00  INFO 36708 --- [demo] [restartedMain] o.s.boot.tomcat.TomcatWebServer          : Tomcat initialized with port 8080 (http)
2026-08-02T17:28:25.621+07:00  INFO 36708 --- [demo] [restartedMain] o.apache.catalina.core.StandardService   : Starting service [Tomcat]
2026-08-02T17:28:25.621+07:00  INFO 36708 --- [demo] [restartedMain] o.apache.catalina.core.StandardEngine    : Starting Servlet engine: [Apache Tomcat/11.0.22]
2026-08-02T17:28:25.625+07:00  INFO 36708 --- [demo] [restartedMain] b.w.c.s.WebApplicationContextInitializer : Root WebApplicationContext: initialization completed in 95 ms
2026-08-02T17:28:25.688+07:00  INFO 36708 --- [demo] [restartedMain] r$InitializeUserDetailsManagerConfigurer : Global AuthenticationManager configured with UserDetailsService bean with name inMemoryUserDetailsManager
2026-08-02T17:28:25.706+07:00  INFO 36708 --- [demo] [restartedMain] o.s.boot.tomcat.TomcatWebServer          : Tomcat started on port 8080 (http) with context path '/'
2026-08-02T17:28:25.707+07:00  INFO 36708 --- [demo] [restartedMain] com.example.demo.DemoApplication         : Started DemoApplication in 0.192 seconds (process running for 1126.275)
2026-08-02T17:28:25.708+07:00  INFO 36708 --- [demo] [restartedMain] .ConditionEvaluationDeltaLoggingListener : Condition evaluation unchanged
2026-08-02T17:28:25.708+07:00  INFO 36708 --- [demo] [restartedMain] com.example.demo.PortLogger              : Ứng dụng đang lắng nghe tại cổng: 8080
2026-08-02T17:28:40.092+07:00  INFO 36708 --- [demo] [File Watcher] rtingClassPathChangeChangedEventListener : Restarting due to 2 class path changes (0 additions, 0 deletions, 2 modifications)
2026-08-02T17:28:40.093+07:00  INFO 36708 --- [demo] [Thread-51] o.s.boot.tomcat.GracefulShutdown         : Commencing graceful shutdown. Waiting for active requests to complete
2026-08-02T17:28:40.094+07:00  INFO 36708 --- [demo] [tomcat-shutdown] o.s.boot.tomcat.GracefulShutdown         : Graceful shutdown complete
2026-08-02T17:28:40.149+07:00  INFO 36708 --- [demo] [restartedMain] com.example.demo.DemoApplication         : Starting DemoApplication using Java 21.0.11 with PID 36708 (/home/rog/eclipse-workspace/demo/target/classes started by rog in /home/rog/eclipse-workspace/demo)
2026-08-02T17:28:40.149+07:00 DEBUG 36708 --- [demo] [restartedMain] com.example.demo.DemoApplication         : Running with Spring Boot v4.1.0, Spring v7.0.8
2026-08-02T17:28:40.149+07:00  INFO 36708 --- [demo] [restartedMain] com.example.demo.DemoApplication         : No active profile set, falling back to 1 default profile: "default"
2026-08-02T17:28:40.260+07:00  INFO 36708 --- [demo] [restartedMain] o.s.boot.tomcat.TomcatWebServer          : Tomcat initialized with port 8080 (http)
2026-08-02T17:28:40.261+07:00  INFO 36708 --- [demo] [restartedMain] o.apache.catalina.core.StandardService   : Starting service [Tomcat]
2026-08-02T17:28:40.261+07:00  INFO 36708 --- [demo] [restartedMain] o.apache.catalina.core.StandardEngine    : Starting Servlet engine: [Apache Tomcat/11.0.22]
2026-08-02T17:28:40.265+07:00  INFO 36708 --- [demo] [restartedMain] b.w.c.s.WebApplicationContextInitializer : Root WebApplicationContext: initialization completed in 114 ms
2026-08-02T17:28:40.320+07:00  INFO 36708 --- [demo] [restartedMain] r$InitializeUserDetailsManagerConfigurer : Global AuthenticationManager configured with UserDetailsService bean with name inMemoryUserDetailsManager
2026-08-02T17:28:40.334+07:00  INFO 36708 --- [demo] [restartedMain] o.s.boot.tomcat.TomcatWebServer          : Tomcat started on port 8080 (http) with context path '/'
2026-08-02T17:28:40.336+07:00  INFO 36708 --- [demo] [restartedMain] com.example.demo.DemoApplication         : Started DemoApplication in 0.202 seconds (process running for 1140.904)
2026-08-02T17:28:40.337+07:00  INFO 36708 --- [demo] [restartedMain] .ConditionEvaluationDeltaLoggingListener : Condition evaluation unchanged
2026-08-02T17:28:40.337+07:00  INFO 36708 --- [demo] [restartedMain] com.example.demo.PortLogger              : Ứng dụng đang lắng nghe tại cổng: 8080
2026-08-02T17:29:04.728+07:00  INFO 36708 --- [demo] [File Watcher] rtingClassPathChangeChangedEventListener : Restarting due to 1 class path change (0 additions, 0 deletions, 1 modification)
2026-08-02T17:29:04.729+07:00  INFO 36708 --- [demo] [Thread-55] o.s.boot.tomcat.GracefulShutdown         : Commencing graceful shutdown. Waiting for active requests to complete
2026-08-02T17:29:04.730+07:00  INFO 36708 --- [demo] [tomcat-shutdown] o.s.boot.tomcat.GracefulShutdown         : Graceful shutdown complete
2026-08-02T17:29:04.782+07:00  INFO 36708 --- [demo] [restartedMain] com.example.demo.DemoApplication         : Starting DemoApplication using Java 21.0.11 with PID 36708 (/home/rog/eclipse-workspace/demo/target/classes started by rog in /home/rog/eclipse-workspace/demo)
2026-08-02T17:29:04.783+07:00 DEBUG 36708 --- [demo] [restartedMain] com.example.demo.DemoApplication         : Running with Spring Boot v4.1.0, Spring v7.0.8
2026-08-02T17:29:04.783+07:00  INFO 36708 --- [demo] [restartedMain] com.example.demo.DemoApplication         : No active profile set, falling back to 1 default profile: "default"
2026-08-02T17:29:04.870+07:00  INFO 36708 --- [demo] [restartedMain] o.s.boot.tomcat.TomcatWebServer          : Tomcat initialized with port 8080 (http)
2026-08-02T17:29:04.871+07:00  INFO 36708 --- [demo] [restartedMain] o.apache.catalina.core.StandardService   : Starting service [Tomcat]
2026-08-02T17:29:04.871+07:00  INFO 36708 --- [demo] [restartedMain] o.apache.catalina.core.StandardEngine    : Starting Servlet engine: [Apache Tomcat/11.0.22]
2026-08-02T17:29:04.874+07:00  INFO 36708 --- [demo] [restartedMain] b.w.c.s.WebApplicationContextInitializer : Root WebApplicationContext: initialization completed in 90 ms
2026-08-02T17:29:04.929+07:00  INFO 36708 --- [demo] [restartedMain] r$InitializeUserDetailsManagerConfigurer : Global AuthenticationManager configured with UserDetailsService bean with name inMemoryUserDetailsManager
2026-08-02T17:29:04.946+07:00  INFO 36708 --- [demo] [restartedMain] o.s.boot.tomcat.TomcatWebServer          : Tomcat started on port 8080 (http) with context path '/'
2026-08-02T17:29:04.948+07:00  INFO 36708 --- [demo] [restartedMain] com.example.demo.DemoApplication         : Started DemoApplication in 0.178 seconds (process running for 1165.515)
2026-08-02T17:29:04.949+07:00  INFO 36708 --- [demo] [restartedMain] .ConditionEvaluationDeltaLoggingListener : Condition evaluation unchanged
2026-08-02T17:29:04.949+07:00  INFO 36708 --- [demo] [restartedMain] com.example.demo.PortLogger              : Ứng dụng đang lắng nghe tại cổng: 8080
2026-08-02T17:29:10.326+07:00  INFO 36708 --- [demo] [File Watcher] rtingClassPathChangeChangedEventListener : Restarting due to 1 class path change (0 additions, 0 deletions, 1 modification)
2026-08-02T17:29:10.327+07:00  INFO 36708 --- [demo] [Thread-59] o.s.boot.tomcat.GracefulShutdown         : Commencing graceful shutdown. Waiting for active requests to complete
2026-08-02T17:29:10.328+07:00  INFO 36708 --- [demo] [tomcat-shutdown] o.s.boot.tomcat.GracefulShutdown         : Graceful shutdown complete
2026-08-02T17:29:10.384+07:00  INFO 36708 --- [demo] [restartedMain] com.example.demo.DemoApplication         : Starting DemoApplication using Java 21.0.11 with PID 36708 (/home/rog/eclipse-workspace/demo/target/classes started by rog in /home/rog/eclipse-workspace/demo)
2026-08-02T17:29:10.385+07:00 DEBUG 36708 --- [demo] [restartedMain] com.example.demo.DemoApplication         : Running with Spring Boot v4.1.0, Spring v7.0.8
2026-08-02T17:29:10.385+07:00  INFO 36708 --- [demo] [restartedMain] com.example.demo.DemoApplication         : No active profile set, falling back to 1 default profile: "default"
2026-08-02T17:29:10.470+07:00  INFO 36708 --- [demo] [restartedMain] o.s.boot.tomcat.TomcatWebServer          : Tomcat initialized with port 8080 (http)
2026-08-02T17:29:10.471+07:00  INFO 36708 --- [demo] [restartedMain] o.apache.catalina.core.StandardService   : Starting service [Tomcat]
2026-08-02T17:29:10.472+07:00  INFO 36708 --- [demo] [restartedMain] o.apache.catalina.core.StandardEngine    : Starting Servlet engine: [Apache Tomcat/11.0.22]
2026-08-02T17:29:10.476+07:00  INFO 36708 --- [demo] [restartedMain] b.w.c.s.WebApplicationContextInitializer : Root WebApplicationContext: initialization completed in 89 ms
2026-08-02T17:29:10.540+07:00  INFO 36708 --- [demo] [restartedMain] r$InitializeUserDetailsManagerConfigurer : Global AuthenticationManager configured with UserDetailsService bean with name inMemoryUserDetailsManager
2026-08-02T17:29:10.559+07:00  INFO 36708 --- [demo] [restartedMain] o.s.boot.tomcat.TomcatWebServer          : Tomcat started on port 8080 (http) with context path '/'
2026-08-02T17:29:10.562+07:00  INFO 36708 --- [demo] [restartedMain] com.example.demo.DemoApplication         : Started DemoApplication in 0.192 seconds (process running for 1171.13)
2026-08-02T17:29:10.563+07:00  INFO 36708 --- [demo] [restartedMain] .ConditionEvaluationDeltaLoggingListener : Condition evaluation unchanged
2026-08-02T17:29:10.563+07:00  INFO 36708 --- [demo] [restartedMain] com.example.demo.PortLogger              : Ứng dụng đang lắng nghe tại cổng: 8080
2026-08-02T17:30:49.997+07:00  INFO 36708 --- [demo] [File Watcher] rtingClassPathChangeChangedEventListener : Restarting due to 1 class path change (0 additions, 0 deletions, 1 modification)
2026-08-02T17:30:49.998+07:00  INFO 36708 --- [demo] [Thread-63] o.s.boot.tomcat.GracefulShutdown         : Commencing graceful shutdown. Waiting for active requests to complete
2026-08-02T17:30:50.000+07:00  INFO 36708 --- [demo] [tomcat-shutdown] o.s.boot.tomcat.GracefulShutdown         : Graceful shutdown complete
2026-08-02T17:30:50.060+07:00  INFO 36708 --- [demo] [restartedMain] com.example.demo.DemoApplication         : Starting DemoApplication using Java 21.0.11 with PID 36708 (/home/rog/eclipse-workspace/demo/target/classes started by rog in /home/rog/eclipse-workspace/demo)
2026-08-02T17:30:50.060+07:00 DEBUG 36708 --- [demo] [restartedMain] com.example.demo.DemoApplication         : Running with Spring Boot v4.1.0, Spring v7.0.8
2026-08-02T17:30:50.060+07:00  INFO 36708 --- [demo] [restartedMain] com.example.demo.DemoApplication         : No active profile set, falling back to 1 default profile: "default"
2026-08-02T17:30:50.157+07:00  INFO 36708 --- [demo] [restartedMain] o.s.boot.tomcat.TomcatWebServer          : Tomcat initialized with port 8080 (http)
2026-08-02T17:30:50.158+07:00  INFO 36708 --- [demo] [restartedMain] o.apache.catalina.core.StandardService   : Starting service [Tomcat]
2026-08-02T17:30:50.158+07:00  INFO 36708 --- [demo] [restartedMain] o.apache.catalina.core.StandardEngine    : Starting Servlet engine: [Apache Tomcat/11.0.22]
2026-08-02T17:30:50.163+07:00  INFO 36708 --- [demo] [restartedMain] b.w.c.s.WebApplicationContextInitializer : Root WebApplicationContext: initialization completed in 100 ms
2026-08-02T17:30:50.222+07:00  INFO 36708 --- [demo] [restartedMain] r$InitializeUserDetailsManagerConfigurer : Global AuthenticationManager configured with UserDetailsService bean with name inMemoryUserDetailsManager
2026-08-02T17:30:50.242+07:00  INFO 36708 --- [demo] [restartedMain] o.s.boot.tomcat.TomcatWebServer          : Tomcat started on port 8080 (http) with context path '/'
2026-08-02T17:30:50.244+07:00  INFO 36708 --- [demo] [restartedMain] com.example.demo.DemoApplication         : Started DemoApplication in 0.197 seconds (process running for 1270.811)
2026-08-02T17:30:50.245+07:00  INFO 36708 --- [demo] [restartedMain] .ConditionEvaluationDeltaLoggingListener : Condition evaluation unchanged
2026-08-02T17:30:50.245+07:00  INFO 36708 --- [demo] [restartedMain] com.example.demo.PortLogger              : Ứng dụng đang lắng nghe tại cổng: 8080
2026-08-02T17:31:01.622+07:00  INFO 36708 --- [demo] [File Watcher] rtingClassPathChangeChangedEventListener : Restarting due to 1 class path change (0 additions, 0 deletions, 1 modification)
2026-08-02T17:31:01.623+07:00  INFO 36708 --- [demo] [Thread-67] o.s.boot.tomcat.GracefulShutdown         : Commencing graceful shutdown. Waiting for active requests to complete
2026-08-02T17:31:01.624+07:00  INFO 36708 --- [demo] [tomcat-shutdown] o.s.boot.tomcat.GracefulShutdown         : Graceful shutdown complete
2026-08-02T17:31:01.677+07:00  INFO 36708 --- [demo] [restartedMain] com.example.demo.DemoApplication         : Starting DemoApplication using Java 21.0.11 with PID 36708 (/home/rog/eclipse-workspace/demo/target/classes started by rog in /home/rog/eclipse-workspace/demo)
2026-08-02T17:31:01.678+07:00 DEBUG 36708 --- [demo] [restartedMain] com.example.demo.DemoApplication         : Running with Spring Boot v4.1.0, Spring v7.0.8
2026-08-02T17:31:01.678+07:00  INFO 36708 --- [demo] [restartedMain] com.example.demo.DemoApplication         : No active profile set, falling back to 1 default profile: "default"
2026-08-02T17:31:01.750+07:00  INFO 36708 --- [demo] [restartedMain] o.s.boot.tomcat.TomcatWebServer          : Tomcat initialized with port 8080 (http)
2026-08-02T17:31:01.751+07:00  INFO 36708 --- [demo] [restartedMain] o.apache.catalina.core.StandardService   : Starting service [Tomcat]
2026-08-02T17:31:01.752+07:00  INFO 36708 --- [demo] [restartedMain] o.apache.catalina.core.StandardEngine    : Starting Servlet engine: [Apache Tomcat/11.0.22]
2026-08-02T17:31:01.756+07:00  INFO 36708 --- [demo] [restartedMain] b.w.c.s.WebApplicationContextInitializer : Root WebApplicationContext: initialization completed in 77 ms
2026-08-02T17:31:01.806+07:00  INFO 36708 --- [demo] [restartedMain] r$InitializeUserDetailsManagerConfigurer : Global AuthenticationManager configured with UserDetailsService bean with name inMemoryUserDetailsManager
2026-08-02T17:31:01.820+07:00  INFO 36708 --- [demo] [restartedMain] o.s.boot.tomcat.TomcatWebServer          : Tomcat started on port 8080 (http) with context path '/'
2026-08-02T17:31:01.822+07:00  INFO 36708 --- [demo] [restartedMain] com.example.demo.DemoApplication         : Started DemoApplication in 0.156 seconds (process running for 1282.39)
2026-08-02T17:31:01.823+07:00  INFO 36708 --- [demo] [restartedMain] .ConditionEvaluationDeltaLoggingListener : Condition evaluation unchanged
2026-08-02T17:31:01.824+07:00  INFO 36708 --- [demo] [restartedMain] com.example.demo.PortLogger              : Ứng dụng đang lắng nghe tại cổng: 8080
2026-08-02T17:32:14.245+07:00  INFO 36708 --- [demo] [File Watcher] rtingClassPathChangeChangedEventListener : Restarting due to 1 class path change (0 additions, 0 deletions, 1 modification)
2026-08-02T17:32:14.246+07:00  INFO 36708 --- [demo] [Thread-71] o.s.boot.tomcat.GracefulShutdown         : Commencing graceful shutdown. Waiting for active requests to complete
2026-08-02T17:32:14.247+07:00  INFO 36708 --- [demo] [tomcat-shutdown] o.s.boot.tomcat.GracefulShutdown         : Graceful shutdown complete
2026-08-02T17:32:14.297+07:00  INFO 36708 --- [demo] [restartedMain] com.example.demo.DemoApplication         : Starting DemoApplication using Java 21.0.11 with PID 36708 (/home/rog/eclipse-workspace/demo/target/classes started by rog in /home/rog/eclipse-workspace/demo)
2026-08-02T17:32:14.297+07:00 DEBUG 36708 --- [demo] [restartedMain] com.example.demo.DemoApplication         : Running with Spring Boot v4.1.0, Spring v7.0.8
2026-08-02T17:32:14.297+07:00  INFO 36708 --- [demo] [restartedMain] com.example.demo.DemoApplication         : No active profile set, falling back to 1 default profile: "default"
2026-08-02T17:32:14.378+07:00  INFO 36708 --- [demo] [restartedMain] o.s.boot.tomcat.TomcatWebServer          : Tomcat initialized with port 8080 (http)
2026-08-02T17:32:14.379+07:00  INFO 36708 --- [demo] [restartedMain] o.apache.catalina.core.StandardService   : Starting service [Tomcat]
2026-08-02T17:32:14.379+07:00  INFO 36708 --- [demo] [restartedMain] o.apache.catalina.core.StandardEngine    : Starting Servlet engine: [Apache Tomcat/11.0.22]
2026-08-02T17:32:14.382+07:00  INFO 36708 --- [demo] [restartedMain] b.w.c.s.WebApplicationContextInitializer : Root WebApplicationContext: initialization completed in 83 ms
2026-08-02T17:32:14.428+07:00  INFO 36708 --- [demo] [restartedMain] r$InitializeUserDetailsManagerConfigurer : Global AuthenticationManager configured with UserDetailsService bean with name inMemoryUserDetailsManager
2026-08-02T17:32:14.441+07:00  INFO 36708 --- [demo] [restartedMain] o.s.boot.tomcat.TomcatWebServer          : Tomcat started on port 8080 (http) with context path '/'
2026-08-02T17:32:14.443+07:00  INFO 36708 --- [demo] [restartedMain] com.example.demo.DemoApplication         : Started DemoApplication in 0.156 seconds (process running for 1355.01)
2026-08-02T17:32:14.443+07:00  INFO 36708 --- [demo] [restartedMain] .ConditionEvaluationDeltaLoggingListener : Condition evaluation unchanged
2026-08-02T17:32:14.444+07:00  INFO 36708 --- [demo] [restartedMain] com.example.demo.PortLogger              : Ứng dụng đang lắng nghe tại cổng: 8080
2026-08-02T17:32:20.224+07:00  INFO 36708 --- [demo] [http-nio-8080-exec-2] o.a.c.c.C.[Tomcat-6].[localhost].[/]     : Initializing Spring DispatcherServlet 'dispatcherServlet'
2026-08-02T17:33:10.857+07:00  INFO 36708 --- [demo] [File Watcher] rtingClassPathChangeChangedEventListener : Restarting due to 2 class path changes (0 additions, 0 deletions, 2 modifications)
2026-08-02T17:33:10.858+07:00  INFO 36708 --- [demo] [Thread-75] o.s.boot.tomcat.GracefulShutdown         : Commencing graceful shutdown. Waiting for active requests to complete
2026-08-02T17:33:10.859+07:00  INFO 36708 --- [demo] [tomcat-shutdown] o.s.boot.tomcat.GracefulShutdown         : Graceful shutdown complete
2026-08-02T17:33:10.915+07:00  INFO 36708 --- [demo] [restartedMain] com.example.demo.DemoApplication         : Starting DemoApplication using Java 21.0.11 with PID 36708 (/home/rog/eclipse-workspace/demo/target/classes started by rog in /home/rog/eclipse-workspace/demo)
2026-08-02T17:33:10.915+07:00 DEBUG 36708 --- [demo] [restartedMain] com.example.demo.DemoApplication         : Running with Spring Boot v4.1.0, Spring v7.0.8
2026-08-02T17:33:10.915+07:00  INFO 36708 --- [demo] [restartedMain] com.example.demo.DemoApplication         : No active profile set, falling back to 1 default profile: "default"
2026-08-02T17:33:11.010+07:00  INFO 36708 --- [demo] [restartedMain] o.s.boot.tomcat.TomcatWebServer          : Tomcat initialized with port 8080 (http)
2026-08-02T17:33:11.011+07:00  INFO 36708 --- [demo] [restartedMain] o.apache.catalina.core.StandardService   : Starting service [Tomcat]
2026-08-02T17:33:11.011+07:00  INFO 36708 --- [demo] [restartedMain] o.apache.catalina.core.StandardEngine    : Starting Servlet engine: [Apache Tomcat/11.0.22]
2026-08-02T17:33:11.015+07:00  INFO 36708 --- [demo] [restartedMain] b.w.c.s.WebApplicationContextInitializer : Root WebApplicationContext: initialization completed in 98 ms
2026-08-02T17:33:11.029+07:00  WARN 36708 --- [demo] [restartedMain] ConfigServletWebServerApplicationContext : Exception encountered during context initialization - cancelling refresh attempt: org.springframework.beans.factory.UnsatisfiedDependencyException: Error creating bean with name 'productController' defined in file [/home/rog/eclipse-workspace/demo/target/classes/com/example/demo/controller/ProductController.class]: Unsatisfied dependency expressed through constructor parameter 0: Error creating bean with name 'productServiceImpl' defined in file [/home/rog/eclipse-workspace/demo/target/classes/com/example/demo/service/ProductServiceImpl.class]: Failed to instantiate [com.example.demo.service.ProductServiceImpl]: Constructor threw exception
2026-08-02T17:33:11.030+07:00  INFO 36708 --- [demo] [restartedMain] o.apache.catalina.core.StandardService   : Stopping service [Tomcat]
2026-08-02T17:33:11.033+07:00  INFO 36708 --- [demo] [restartedMain] .s.b.a.l.ConditionEvaluationReportLogger : 

Error starting ApplicationContext. To display the condition evaluation report re-run your application with 'debug' enabled.
2026-08-02T17:33:11.034+07:00 ERROR 36708 --- [demo] [restartedMain] o.s.boot.SpringApplication               : Application run failed

org.springframework.beans.factory.UnsatisfiedDependencyException: Error creating bean with name 'productController' defined in file [/home/rog/eclipse-workspace/demo/target/classes/com/example/demo/controller/ProductController.class]: Unsatisfied dependency expressed through constructor parameter 0: Error creating bean with name 'productServiceImpl' defined in file [/home/rog/eclipse-workspace/demo/target/classes/com/example/demo/service/ProductServiceImpl.class]: Failed to instantiate [com.example.demo.service.ProductServiceImpl]: Constructor threw exception
	at org.springframework.beans.factory.support.ConstructorResolver.createArgumentArray(ConstructorResolver.java:804) ~[spring-beans-7.0.8.jar:7.0.8]
	at org.springframework.beans.factory.support.ConstructorResolver.autowireConstructor(ConstructorResolver.java:240) ~[spring-beans-7.0.8.jar:7.0.8]
	at org.springframework.beans.factory.support.AbstractAutowireCapableBeanFactory.autowireConstructor(AbstractAutowireCapableBeanFactory.java:1380) ~[spring-beans-7.0.8.jar:7.0.8]
	at org.springframework.beans.factory.support.AbstractAutowireCapableBeanFactory.createBeanInstance(AbstractAutowireCapableBeanFactory.java:1219) ~[spring-beans-7.0.8.jar:7.0.8]
	at org.springframework.beans.factory.support.AbstractAutowireCapableBeanFactory.doCreateBean(AbstractAutowireCapableBeanFactory.java:565) ~[spring-beans-7.0.8.jar:7.0.8]
	at org.springframework.beans.factory.support.AbstractAutowireCapableBeanFactory.createBean(AbstractAutowireCapableBeanFactory.java:525) ~[spring-beans-7.0.8.jar:7.0.8]
	at org.springframework.beans.factory.support.AbstractBeanFactory.lambda$doGetBean$0(AbstractBeanFactory.java:333) ~[spring-beans-7.0.8.jar:7.0.8]
	at org.springframework.beans.factory.support.DefaultSingletonBeanRegistry.getSingleton(DefaultSingletonBeanRegistry.java:371) ~[spring-beans-7.0.8.jar:7.0.8]
	at org.springframework.beans.factory.support.AbstractBeanFactory.doGetBean(AbstractBeanFactory.java:331) ~[spring-beans-7.0.8.jar:7.0.8]
	at org.springframework.beans.factory.support.AbstractBeanFactory.getBean(AbstractBeanFactory.java:196) ~[spring-beans-7.0.8.jar:7.0.8]
	at org.springframework.beans.factory.support.DefaultListableBeanFactory.instantiateSingleton(DefaultListableBeanFactory.java:1225) ~[spring-beans-7.0.8.jar:7.0.8]
	at org.springframework.beans.factory.support.DefaultListableBeanFactory.preInstantiateSingleton(DefaultListableBeanFactory.java:1191) ~[spring-beans-7.0.8.jar:7.0.8]
	at org.springframework.beans.factory.support.DefaultListableBeanFactory.preInstantiateSingletons(DefaultListableBeanFactory.java:1121) ~[spring-beans-7.0.8.jar:7.0.8]
	at org.springframework.context.support.AbstractApplicationContext.finishBeanFactoryInitialization(AbstractApplicationContext.java:994) ~[spring-context-7.0.8.jar:7.0.8]
	at org.springframework.context.support.AbstractApplicationContext.refresh(AbstractApplicationContext.java:621) ~[spring-context-7.0.8.jar:7.0.8]
	at org.springframework.boot.web.server.servlet.context.ServletWebServerApplicationContext.refresh(ServletWebServerApplicationContext.java:143) ~[spring-boot-web-server-4.1.0.jar:4.1.0]
	at org.springframework.boot.SpringApplication.refresh(SpringApplication.java:756) ~[spring-boot-4.1.0.jar:4.1.0]
	at org.springframework.boot.SpringApplication.refreshContext(SpringApplication.java:445) ~[spring-boot-4.1.0.jar:4.1.0]
	at org.springframework.boot.SpringApplication.run(SpringApplication.java:321) ~[spring-boot-4.1.0.jar:4.1.0]
	at org.springframework.boot.SpringApplication.run(SpringApplication.java:1365) ~[spring-boot-4.1.0.jar:4.1.0]
	at org.springframework.boot.SpringApplication.run(SpringApplication.java:1354) ~[spring-boot-4.1.0.jar:4.1.0]
	at com.example.demo.DemoApplication.main(DemoApplication.java:10) ~[classes/:na]
	at java.base/jdk.internal.reflect.DirectMethodHandleAccessor.invoke(DirectMethodHandleAccessor.java:103) ~[na:na]
	at java.base/java.lang.reflect.Method.invoke(Method.java:580) ~[na:na]
	at org.springframework.boot.devtools.restart.RestartLauncher.run(RestartLauncher.java:52) ~[spring-boot-devtools-4.1.0.jar:4.1.0]
Caused by: org.springframework.beans.factory.BeanCreationException: Error creating bean with name 'productServiceImpl' defined in file [/home/rog/eclipse-workspace/demo/target/classes/com/example/demo/service/ProductServiceImpl.class]: Failed to instantiate [com.example.demo.service.ProductServiceImpl]: Constructor threw exception
	at org.springframework.beans.factory.support.AbstractAutowireCapableBeanFactory.instantiateBean(AbstractAutowireCapableBeanFactory.java:1342) ~[spring-beans-7.0.8.jar:7.0.8]
	at org.springframework.beans.factory.support.AbstractAutowireCapableBeanFactory.createBeanInstance(AbstractAutowireCapableBeanFactory.java:1229) ~[spring-beans-7.0.8.jar:7.0.8]
	at org.springframework.beans.factory.support.AbstractAutowireCapableBeanFactory.doCreateBean(AbstractAutowireCapableBeanFactory.java:565) ~[spring-beans-7.0.8.jar:7.0.8]
	at org.springframework.beans.factory.support.AbstractAutowireCapableBeanFactory.createBean(AbstractAutowireCapableBeanFactory.java:525) ~[spring-beans-7.0.8.jar:7.0.8]
	at org.springframework.beans.factory.support.AbstractBeanFactory.lambda$doGetBean$0(AbstractBeanFactory.java:333) ~[spring-beans-7.0.8.jar:7.0.8]
	at org.springframework.beans.factory.support.DefaultSingletonBeanRegistry.getSingleton(DefaultSingletonBeanRegistry.java:371) ~[spring-beans-7.0.8.jar:7.0.8]
	at org.springframework.beans.factory.support.AbstractBeanFactory.doGetBean(AbstractBeanFactory.java:331) ~[spring-beans-7.0.8.jar:7.0.8]
	at org.springframework.beans.factory.support.AbstractBeanFactory.getBean(AbstractBeanFactory.java:201) ~[spring-beans-7.0.8.jar:7.0.8]
	at org.springframework.beans.factory.support.DefaultListableBeanFactory.resolveBean(DefaultListableBeanFactory.java:1232) ~[spring-beans-7.0.8.jar:7.0.8]
	at org.springframework.beans.factory.support.DefaultListableBeanFactory.doResolveDependency(DefaultListableBeanFactory.java:1711) ~[spring-beans-7.0.8.jar:7.0.8]
	at org.springframework.beans.factory.support.DefaultListableBeanFactory.resolveDependency(DefaultListableBeanFactory.java:1658) ~[spring-beans-7.0.8.jar:7.0.8]
	at org.springframework.beans.factory.support.ConstructorResolver.resolveAutowiredArgument(ConstructorResolver.java:912) ~[spring-beans-7.0.8.jar:7.0.8]
	at org.springframework.beans.factory.support.ConstructorResolver.createArgumentArray(ConstructorResolver.java:791) ~[spring-beans-7.0.8.jar:7.0.8]
	... 24 common frames omitted
Caused by: org.springframework.beans.BeanInstantiationException: Failed to instantiate [com.example.demo.service.ProductServiceImpl]: Constructor threw exception
	at org.springframework.beans.BeanUtils.instantiateClass(BeanUtils.java:220) ~[spring-beans-7.0.8.jar:7.0.8]
	at org.springframework.beans.factory.support.SimpleInstantiationStrategy.instantiate(SimpleInstantiationStrategy.java:106) ~[spring-beans-7.0.8.jar:7.0.8]
	at org.springframework.beans.factory.support.AbstractAutowireCapableBeanFactory.instantiateBean(AbstractAutowireCapableBeanFactory.java:1336) ~[spring-beans-7.0.8.jar:7.0.8]
	... 36 common frames omitted
Caused by: java.lang.Error: Unresolved compilation problems: 
	The constructor Product(String, String, int, int) is undefined
	The constructor Product(String, String, int, int) is undefined
	The constructor Product(String, String, int, int) is undefined

	at com.example.demo.service.ProductServiceImpl.<init>(ProductServiceImpl.java:16) ~[classes/:na]
	at java.base/jdk.internal.reflect.DirectConstructorHandleAccessor.newInstance(DirectConstructorHandleAccessor.java:62) ~[na:na]
	at java.base/java.lang.reflect.Constructor.newInstanceWithCaller(Constructor.java:502) ~[na:na]
	at java.base/java.lang.reflect.Constructor.newInstance(Constructor.java:486) ~[na:na]
	at org.springframework.beans.BeanUtils.instantiateClass(BeanUtils.java:194) ~[spring-beans-7.0.8.jar:7.0.8]
	... 38 common frames omitted

2026-08-02T17:33:20.456+07:00  INFO 36708 --- [demo] [restartedMain] com.example.demo.DemoApplication         : Starting DemoApplication using Java 21.0.11 with PID 36708 (/home/rog/eclipse-workspace/demo/target/classes started by rog in /home/rog/eclipse-workspace/demo)
2026-08-02T17:33:20.456+07:00 DEBUG 36708 --- [demo] [restartedMain] com.example.demo.DemoApplication         : Running with Spring Boot v4.1.0, Spring v7.0.8
2026-08-02T17:33:20.456+07:00  INFO 36708 --- [demo] [restartedMain] com.example.demo.DemoApplication         : No active profile set, falling back to 1 default profile: "default"
2026-08-02T17:33:20.549+07:00  INFO 36708 --- [demo] [restartedMain] o.s.boot.tomcat.TomcatWebServer          : Tomcat initialized with port 8080 (http)
2026-08-02T17:33:20.550+07:00  INFO 36708 --- [demo] [restartedMain] o.apache.catalina.core.StandardService   : Starting service [Tomcat]
2026-08-02T17:33:20.551+07:00  INFO 36708 --- [demo] [restartedMain] o.apache.catalina.core.StandardEngine    : Starting Servlet engine: [Apache Tomcat/11.0.22]
2026-08-02T17:33:20.554+07:00  INFO 36708 --- [demo] [restartedMain] b.w.c.s.WebApplicationContextInitializer : Root WebApplicationContext: initialization completed in 96 ms
2026-08-02T17:33:20.620+07:00  INFO 36708 --- [demo] [restartedMain] r$InitializeUserDetailsManagerConfigurer : Global AuthenticationManager configured with UserDetailsService bean with name inMemoryUserDetailsManager
2026-08-02T17:33:20.637+07:00  INFO 36708 --- [demo] [restartedMain] o.s.boot.tomcat.TomcatWebServer          : Tomcat started on port 8080 (http) with context path '/'
2026-08-02T17:33:20.639+07:00  INFO 36708 --- [demo] [restartedMain] com.example.demo.DemoApplication         : Started DemoApplication in 0.195 seconds (process running for 1421.207)
2026-08-02T17:33:20.640+07:00  INFO 36708 --- [demo] [restartedMain] .ConditionEvaluationDeltaLoggingListener : Condition evaluation unchanged
2026-08-02T17:33:20.640+07:00  INFO 36708 --- [demo] [restartedMain] com.example.demo.PortLogger              : Ứng dụng đang lắng nghe tại cổng: 8080
2026-08-02T17:33:31.020+07:00  INFO 36708 --- [demo] [File Watcher] rtingClassPathChangeChangedEventListener : Restarting due to 1 class path change (0 additions, 0 deletions, 1 modification)
2026-08-02T17:33:31.020+07:00  INFO 36708 --- [demo] [Thread-79] o.s.boot.tomcat.GracefulShutdown         : Commencing graceful shutdown. Waiting for active requests to complete
2026-08-02T17:33:31.021+07:00  INFO 36708 --- [demo] [tomcat-shutdown] o.s.boot.tomcat.GracefulShutdown         : Graceful shutdown complete
2026-08-02T17:33:31.074+07:00  INFO 36708 --- [demo] [restartedMain] com.example.demo.DemoApplication         : Starting DemoApplication using Java 21.0.11 with PID 36708 (/home/rog/eclipse-workspace/demo/target/classes started by rog in /home/rog/eclipse-workspace/demo)
2026-08-02T17:33:31.074+07:00 DEBUG 36708 --- [demo] [restartedMain] com.example.demo.DemoApplication         : Running with Spring Boot v4.1.0, Spring v7.0.8
2026-08-02T17:33:31.074+07:00  INFO 36708 --- [demo] [restartedMain] com.example.demo.DemoApplication         : No active profile set, falling back to 1 default profile: "default"
2026-08-02T17:33:31.131+07:00  INFO 36708 --- [demo] [restartedMain] o.s.boot.tomcat.TomcatWebServer          : Tomcat initialized with port 8080 (http)
2026-08-02T17:33:31.132+07:00  INFO 36708 --- [demo] [restartedMain] o.apache.catalina.core.StandardService   : Starting service [Tomcat]
2026-08-02T17:33:31.132+07:00  INFO 36708 --- [demo] [restartedMain] o.apache.catalina.core.StandardEngine    : Starting Servlet engine: [Apache Tomcat/11.0.22]
2026-08-02T17:33:31.134+07:00  INFO 36708 --- [demo] [restartedMain] b.w.c.s.WebApplicationContextInitializer : Root WebApplicationContext: initialization completed in 59 ms
2026-08-02T17:33:31.174+07:00  INFO 36708 --- [demo] [restartedMain] r$InitializeUserDetailsManagerConfigurer : Global AuthenticationManager configured with UserDetailsService bean with name inMemoryUserDetailsManager
2026-08-02T17:33:31.186+07:00  INFO 36708 --- [demo] [restartedMain] o.s.boot.tomcat.TomcatWebServer          : Tomcat started on port 8080 (http) with context path '/'
2026-08-02T17:33:31.188+07:00  INFO 36708 --- [demo] [restartedMain] com.example.demo.DemoApplication         : Started DemoApplication in 0.125 seconds (process running for 1431.755)
2026-08-02T17:33:31.188+07:00  INFO 36708 --- [demo] [restartedMain] .ConditionEvaluationDeltaLoggingListener : Condition evaluation unchanged
2026-08-02T17:33:31.188+07:00  INFO 36708 --- [demo] [restartedMain] com.example.demo.PortLogger              : Ứng dụng đang lắng nghe tại cổng: 8080
2026-08-02T17:33:37.573+07:00  INFO 36708 --- [demo] [File Watcher] rtingClassPathChangeChangedEventListener : Restarting due to 3 class path changes (0 additions, 0 deletions, 3 modifications)
2026-08-02T17:33:37.574+07:00  INFO 36708 --- [demo] [Thread-86] o.s.boot.tomcat.GracefulShutdown         : Commencing graceful shutdown. Waiting for active requests to complete
2026-08-02T17:33:37.575+07:00  INFO 36708 --- [demo] [tomcat-shutdown] o.s.boot.tomcat.GracefulShutdown         : Graceful shutdown complete
2026-08-02T17:33:37.630+07:00  INFO 36708 --- [demo] [restartedMain] com.example.demo.DemoApplication         : Starting DemoApplication using Java 21.0.11 with PID 36708 (/home/rog/eclipse-workspace/demo/target/classes started by rog in /home/rog/eclipse-workspace/demo)
2026-08-02T17:33:37.631+07:00 DEBUG 36708 --- [demo] [restartedMain] com.example.demo.DemoApplication         : Running with Spring Boot v4.1.0, Spring v7.0.8
2026-08-02T17:33:37.631+07:00  INFO 36708 --- [demo] [restartedMain] com.example.demo.DemoApplication         : No active profile set, falling back to 1 default profile: "default"
2026-08-02T17:33:37.704+07:00  INFO 36708 --- [demo] [restartedMain] o.s.boot.tomcat.TomcatWebServer          : Tomcat initialized with port 8080 (http)
2026-08-02T17:33:37.705+07:00  INFO 36708 --- [demo] [restartedMain] o.apache.catalina.core.StandardService   : Starting service [Tomcat]
2026-08-02T17:33:37.705+07:00  INFO 36708 --- [demo] [restartedMain] o.apache.catalina.core.StandardEngine    : Starting Servlet engine: [Apache Tomcat/11.0.22]
2026-08-02T17:33:37.709+07:00  INFO 36708 --- [demo] [restartedMain] b.w.c.s.WebApplicationContextInitializer : Root WebApplicationContext: initialization completed in 77 ms
2026-08-02T17:33:37.774+07:00  INFO 36708 --- [demo] [restartedMain] r$InitializeUserDetailsManagerConfigurer : Global AuthenticationManager configured with UserDetailsService bean with name inMemoryUserDetailsManager
2026-08-02T17:33:37.792+07:00  INFO 36708 --- [demo] [restartedMain] o.s.boot.tomcat.TomcatWebServer          : Tomcat started on port 8080 (http) with context path '/'
2026-08-02T17:33:37.794+07:00  INFO 36708 --- [demo] [restartedMain] com.example.demo.DemoApplication         : Started DemoApplication in 0.174 seconds (process running for 1438.362)
2026-08-02T17:33:37.796+07:00  INFO 36708 --- [demo] [restartedMain] .ConditionEvaluationDeltaLoggingListener : Condition evaluation unchanged
2026-08-02T17:33:37.796+07:00  INFO 36708 --- [demo] [restartedMain] com.example.demo.PortLogger              : Ứng dụng đang lắng nghe tại cổng: 8080
2026-08-02T17:33:44.169+07:00  INFO 36708 --- [demo] [File Watcher] rtingClassPathChangeChangedEventListener : Restarting due to 1 class path change (0 additions, 0 deletions, 1 modification)
2026-08-02T17:33:44.170+07:00  INFO 36708 --- [demo] [Thread-90] o.s.boot.tomcat.GracefulShutdown         : Commencing graceful shutdown. Waiting for active requests to complete
2026-08-02T17:33:44.171+07:00  INFO 36708 --- [demo] [tomcat-shutdown] o.s.boot.tomcat.GracefulShutdown         : Graceful shutdown complete
2026-08-02T17:33:44.227+07:00  INFO 36708 --- [demo] [restartedMain] com.example.demo.DemoApplication         : Starting DemoApplication using Java 21.0.11 with PID 36708 (/home/rog/eclipse-workspace/demo/target/classes started by rog in /home/rog/eclipse-workspace/demo)
2026-08-02T17:33:44.227+07:00 DEBUG 36708 --- [demo] [restartedMain] com.example.demo.DemoApplication         : Running with Spring Boot v4.1.0, Spring v7.0.8
2026-08-02T17:33:44.228+07:00  INFO 36708 --- [demo] [restartedMain] com.example.demo.DemoApplication         : No active profile set, falling back to 1 default profile: "default"
2026-08-02T17:33:44.317+07:00  INFO 36708 --- [demo] [restartedMain] o.s.boot.tomcat.TomcatWebServer          : Tomcat initialized with port 8080 (http)
2026-08-02T17:33:44.318+07:00  INFO 36708 --- [demo] [restartedMain] o.apache.catalina.core.StandardService   : Starting service [Tomcat]
2026-08-02T17:33:44.318+07:00  INFO 36708 --- [demo] [restartedMain] o.apache.catalina.core.StandardEngine    : Starting Servlet engine: [Apache Tomcat/11.0.22]
2026-08-02T17:33:44.322+07:00  INFO 36708 --- [demo] [restartedMain] b.w.c.s.WebApplicationContextInitializer : Root WebApplicationContext: initialization completed in 93 ms
2026-08-02T17:33:44.389+07:00  INFO 36708 --- [demo] [restartedMain] r$InitializeUserDetailsManagerConfigurer : Global AuthenticationManager configured with UserDetailsService bean with name inMemoryUserDetailsManager
2026-08-02T17:33:44.408+07:00  INFO 36708 --- [demo] [restartedMain] o.s.boot.tomcat.TomcatWebServer          : Tomcat started on port 8080 (http) with context path '/'
2026-08-02T17:33:44.410+07:00  INFO 36708 --- [demo] [restartedMain] com.example.demo.DemoApplication         : Started DemoApplication in 0.196 seconds (process running for 1444.978)
2026-08-02T17:33:44.411+07:00  INFO 36708 --- [demo] [restartedMain] .ConditionEvaluationDeltaLoggingListener : Condition evaluation unchanged
2026-08-02T17:33:44.411+07:00  INFO 36708 --- [demo] [restartedMain] com.example.demo.PortLogger              : Ứng dụng đang lắng nghe tại cổng: 8080
2026-08-02T17:33:48.188+07:00  INFO 36708 --- [demo] [http-nio-8080-exec-2] o.a.c.c.C.[Tomcat-7].[localhost].[/]     : Initializing Spring DispatcherServlet 'dispatcherServlet'
2026-08-02T17:39:55.023+07:00  INFO 36708 --- [demo] [File Watcher] rtingClassPathChangeChangedEventListener : Restarting due to 2 class path changes (0 additions, 0 deletions, 2 modifications)
2026-08-02T17:39:55.024+07:00  INFO 36708 --- [demo] [Thread-94] o.s.boot.tomcat.GracefulShutdown         : Commencing graceful shutdown. Waiting for active requests to complete
2026-08-02T17:39:55.026+07:00  INFO 36708 --- [demo] [tomcat-shutdown] o.s.boot.tomcat.GracefulShutdown         : Graceful shutdown complete
2026-08-02T17:39:55.086+07:00  INFO 36708 --- [demo] [restartedMain] com.example.demo.DemoApplication         : Starting DemoApplication using Java 21.0.11 with PID 36708 (/home/rog/eclipse-workspace/demo/target/classes started by rog in /home/rog/eclipse-workspace/demo)
2026-08-02T17:39:55.086+07:00 DEBUG 36708 --- [demo] [restartedMain] com.example.demo.DemoApplication         : Running with Spring Boot v4.1.0, Spring v7.0.8
2026-08-02T17:39:55.086+07:00  INFO 36708 --- [demo] [restartedMain] com.example.demo.DemoApplication         : No active profile set, falling back to 1 default profile: "default"
2026-08-02T17:39:55.160+07:00  INFO 36708 --- [demo] [restartedMain] o.s.boot.tomcat.TomcatWebServer          : Tomcat initialized with port 8080 (http)
2026-08-02T17:39:55.161+07:00  INFO 36708 --- [demo] [restartedMain] o.apache.catalina.core.StandardService   : Starting service [Tomcat]
2026-08-02T17:39:55.161+07:00  INFO 36708 --- [demo] [restartedMain] o.apache.catalina.core.StandardEngine    : Starting Servlet engine: [Apache Tomcat/11.0.22]
2026-08-02T17:39:55.165+07:00  INFO 36708 --- [demo] [restartedMain] b.w.c.s.WebApplicationContextInitializer : Root WebApplicationContext: initialization completed in 77 ms
2026-08-02T17:39:55.218+07:00  INFO 36708 --- [demo] [restartedMain] r$InitializeUserDetailsManagerConfigurer : Global AuthenticationManager configured with UserDetailsService bean with name inMemoryUserDetailsManager
2026-08-02T17:39:55.232+07:00  INFO 36708 --- [demo] [restartedMain] o.s.boot.tomcat.TomcatWebServer          : Tomcat started on port 8080 (http) with context path '/'
2026-08-02T17:39:55.234+07:00  INFO 36708 --- [demo] [restartedMain] com.example.demo.DemoApplication         : Started DemoApplication in 0.16 seconds (process running for 1815.802)
2026-08-02T17:39:55.235+07:00  INFO 36708 --- [demo] [restartedMain] .ConditionEvaluationDeltaLoggingListener : Condition evaluation unchanged
2026-08-02T17:39:55.235+07:00  INFO 36708 --- [demo] [restartedMain] com.example.demo.PortLogger              : Ứng dụng đang lắng nghe tại cổng: 8080
2026-08-02T17:43:38.763+07:00  INFO 36708 --- [demo] [File Watcher] rtingClassPathChangeChangedEventListener : Restarting due to 1 class path change (0 additions, 0 deletions, 1 modification)
2026-08-02T17:43:38.764+07:00  INFO 36708 --- [demo] [Thread-98] o.s.boot.tomcat.GracefulShutdown         : Commencing graceful shutdown. Waiting for active requests to complete
2026-08-02T17:43:38.765+07:00  INFO 36708 --- [demo] [tomcat-shutdown] o.s.boot.tomcat.GracefulShutdown         : Graceful shutdown complete
2026-08-02T17:43:38.815+07:00  INFO 36708 --- [demo] [restartedMain] com.example.demo.DemoApplication         : Starting DemoApplication using Java 21.0.11 with PID 36708 (/home/rog/eclipse-workspace/demo/target/classes started by rog in /home/rog/eclipse-workspace/demo)
2026-08-02T17:43:38.815+07:00 DEBUG 36708 --- [demo] [restartedMain] com.example.demo.DemoApplication         : Running with Spring Boot v4.1.0, Spring v7.0.8
2026-08-02T17:43:38.815+07:00  INFO 36708 --- [demo] [restartedMain] com.example.demo.DemoApplication         : No active profile set, falling back to 1 default profile: "default"
2026-08-02T17:43:38.887+07:00  INFO 36708 --- [demo] [restartedMain] o.s.boot.tomcat.TomcatWebServer          : Tomcat initialized with port 8080 (http)
2026-08-02T17:43:38.888+07:00  INFO 36708 --- [demo] [restartedMain] o.apache.catalina.core.StandardService   : Starting service [Tomcat]
2026-08-02T17:43:38.888+07:00  INFO 36708 --- [demo] [restartedMain] o.apache.catalina.core.StandardEngine    : Starting Servlet engine: [Apache Tomcat/11.0.22]
2026-08-02T17:43:38.891+07:00  INFO 36708 --- [demo] [restartedMain] b.w.c.s.WebApplicationContextInitializer : Root WebApplicationContext: initialization completed in 75 ms
2026-08-02T17:43:38.940+07:00  INFO 36708 --- [demo] [restartedMain] r$InitializeUserDetailsManagerConfigurer : Global AuthenticationManager configured with UserDetailsService bean with name inMemoryUserDetailsManager
2026-08-02T17:43:38.954+07:00  INFO 36708 --- [demo] [restartedMain] o.s.boot.tomcat.TomcatWebServer          : Tomcat started on port 8080 (http) with context path '/'
2026-08-02T17:43:38.956+07:00  INFO 36708 --- [demo] [restartedMain] com.example.demo.DemoApplication         : Started DemoApplication in 0.15 seconds (process running for 2039.524)
2026-08-02T17:43:38.957+07:00  INFO 36708 --- [demo] [restartedMain] .ConditionEvaluationDeltaLoggingListener : Condition evaluation unchanged
2026-08-02T17:43:38.957+07:00  INFO 36708 --- [demo] [restartedMain] com.example.demo.PortLogger              : Ứng dụng đang lắng nghe tại cổng: 8080
2026-08-02T17:44:16.358+07:00  INFO 36708 --- [demo] [File Watcher] rtingClassPathChangeChangedEventListener : Restarting due to 1 class path change (0 additions, 0 deletions, 1 modification)
2026-08-02T17:44:16.360+07:00  INFO 36708 --- [demo] [Thread-102] o.s.boot.tomcat.GracefulShutdown         : Commencing graceful shutdown. Waiting for active requests to complete
2026-08-02T17:44:16.361+07:00  INFO 36708 --- [demo] [tomcat-shutdown] o.s.boot.tomcat.GracefulShutdown         : Graceful shutdown complete
2026-08-02T17:44:16.453+07:00  INFO 36708 --- [demo] [restartedMain] com.example.demo.DemoApplication         : Starting DemoApplication using Java 21.0.11 with PID 36708 (/home/rog/eclipse-workspace/demo/target/classes started by rog in /home/rog/eclipse-workspace/demo)
2026-08-02T17:44:16.453+07:00 DEBUG 36708 --- [demo] [restartedMain] com.example.demo.DemoApplication         : Running with Spring Boot v4.1.0, Spring v7.0.8
2026-08-02T17:44:16.453+07:00  INFO 36708 --- [demo] [restartedMain] com.example.demo.DemoApplication         : No active profile set, falling back to 1 default profile: "default"
2026-08-02T17:44:16.565+07:00  INFO 36708 --- [demo] [restartedMain] o.s.boot.tomcat.TomcatWebServer          : Tomcat initialized with port 8080 (http)
2026-08-02T17:44:16.566+07:00  INFO 36708 --- [demo] [restartedMain] o.apache.catalina.core.StandardService   : Starting service [Tomcat]
2026-08-02T17:44:16.566+07:00  INFO 36708 --- [demo] [restartedMain] o.apache.catalina.core.StandardEngine    : Starting Servlet engine: [Apache Tomcat/11.0.22]
2026-08-02T17:44:16.570+07:00  INFO 36708 --- [demo] [restartedMain] b.w.c.s.WebApplicationContextInitializer : Root WebApplicationContext: initialization completed in 115 ms
2026-08-02T17:44:16.631+07:00  INFO 36708 --- [demo] [restartedMain] r$InitializeUserDetailsManagerConfigurer : Global AuthenticationManager configured with UserDetailsService bean with name inMemoryUserDetailsManager
2026-08-02T17:44:16.646+07:00  INFO 36708 --- [demo] [restartedMain] o.s.boot.tomcat.TomcatWebServer          : Tomcat started on port 8080 (http) with context path '/'
2026-08-02T17:44:16.648+07:00  INFO 36708 --- [demo] [restartedMain] com.example.demo.DemoApplication         : Started DemoApplication in 0.213 seconds (process running for 2077.216)
2026-08-02T17:44:16.649+07:00  INFO 36708 --- [demo] [restartedMain] .ConditionEvaluationDeltaLoggingListener : Condition evaluation unchanged
2026-08-02T17:44:16.649+07:00  INFO 36708 --- [demo] [restartedMain] com.example.demo.PortLogger              : Ứng dụng đang lắng nghe tại cổng: 8080
2026-08-02T17:46:20.107+07:00  INFO 36708 --- [demo] [File Watcher] rtingClassPathChangeChangedEventListener : Restarting due to 1 class path change (0 additions, 0 deletions, 1 modification)
2026-08-02T17:46:20.108+07:00  INFO 36708 --- [demo] [Thread-106] o.s.boot.tomcat.GracefulShutdown         : Commencing graceful shutdown. Waiting for active requests to complete
2026-08-02T17:46:20.109+07:00  INFO 36708 --- [demo] [tomcat-shutdown] o.s.boot.tomcat.GracefulShutdown         : Graceful shutdown complete
2026-08-02T17:46:20.167+07:00  INFO 36708 --- [demo] [restartedMain] com.example.demo.DemoApplication         : Starting DemoApplication using Java 21.0.11 with PID 36708 (/home/rog/eclipse-workspace/demo/target/classes started by rog in /home/rog/eclipse-workspace/demo)
2026-08-02T17:46:20.167+07:00 DEBUG 36708 --- [demo] [restartedMain] com.example.demo.DemoApplication         : Running with Spring Boot v4.1.0, Spring v7.0.8
2026-08-02T17:46:20.167+07:00  INFO 36708 --- [demo] [restartedMain] com.example.demo.DemoApplication         : No active profile set, falling back to 1 default profile: "default"
2026-08-02T17:46:20.244+07:00  INFO 36708 --- [demo] [restartedMain] o.s.boot.tomcat.TomcatWebServer          : Tomcat initialized with port 8080 (http)
2026-08-02T17:46:20.245+07:00  INFO 36708 --- [demo] [restartedMain] o.apache.catalina.core.StandardService   : Starting service [Tomcat]
2026-08-02T17:46:20.245+07:00  INFO 36708 --- [demo] [restartedMain] o.apache.catalina.core.StandardEngine    : Starting Servlet engine: [Apache Tomcat/11.0.22]
2026-08-02T17:46:20.248+07:00  INFO 36708 --- [demo] [restartedMain] b.w.c.s.WebApplicationContextInitializer : Root WebApplicationContext: initialization completed in 80 ms
2026-08-02T17:46:20.308+07:00  INFO 36708 --- [demo] [restartedMain] r$InitializeUserDetailsManagerConfigurer : Global AuthenticationManager configured with UserDetailsService bean with name inMemoryUserDetailsManager
2026-08-02T17:46:20.328+07:00  INFO 36708 --- [demo] [restartedMain] o.s.boot.tomcat.TomcatWebServer          : Tomcat started on port 8080 (http) with context path '/'
2026-08-02T17:46:20.330+07:00  INFO 36708 --- [demo] [restartedMain] com.example.demo.DemoApplication         : Started DemoApplication in 0.175 seconds (process running for 2200.897)
2026-08-02T17:46:20.331+07:00  INFO 36708 --- [demo] [restartedMain] .ConditionEvaluationDeltaLoggingListener : Condition evaluation unchanged
2026-08-02T17:46:20.331+07:00  INFO 36708 --- [demo] [restartedMain] com.example.demo.PortLogger              : Ứng dụng đang lắng nghe tại cổng: 8080
2026-08-02T17:46:32.717+07:00  INFO 36708 --- [demo] [http-nio-8080-exec-2] o.a.c.c.C.[Tomcat-7].[localhost].[/]     : Initializing Spring DispatcherServlet 'dispatcherServlet'
2026-08-02T17:46:32.843+07:00  WARN 36708 --- [demo] [http-nio-8080-exec-2] .w.s.m.s.DefaultHandlerExceptionResolver : Resolved [org.springframework.web.bind.MissingPathVariableException: Required URI template variable 'name' for method parameter type String is not present]
2026-08-02T17:47:24.738+07:00  INFO 36708 --- [demo] [File Watcher] rtingClassPathChangeChangedEventListener : Restarting due to 1 class path change (0 additions, 0 deletions, 1 modification)
2026-08-02T17:47:24.739+07:00  INFO 36708 --- [demo] [Thread-110] o.s.boot.tomcat.GracefulShutdown         : Commencing graceful shutdown. Waiting for active requests to complete
2026-08-02T17:47:24.740+07:00  INFO 36708 --- [demo] [tomcat-shutdown] o.s.boot.tomcat.GracefulShutdown         : Graceful shutdown complete
2026-08-02T17:47:24.796+07:00  INFO 36708 --- [demo] [restartedMain] com.example.demo.DemoApplication         : Starting DemoApplication using Java 21.0.11 with PID 36708 (/home/rog/eclipse-workspace/demo/target/classes started by rog in /home/rog/eclipse-workspace/demo)
2026-08-02T17:47:24.796+07:00 DEBUG 36708 --- [demo] [restartedMain] com.example.demo.DemoApplication         : Running with Spring Boot v4.1.0, Spring v7.0.8
2026-08-02T17:47:24.796+07:00  INFO 36708 --- [demo] [restartedMain] com.example.demo.DemoApplication         : No active profile set, falling back to 1 default profile: "default"
2026-08-02T17:47:24.858+07:00  INFO 36708 --- [demo] [restartedMain] o.s.boot.tomcat.TomcatWebServer          : Tomcat initialized with port 8080 (http)
2026-08-02T17:47:24.859+07:00  INFO 36708 --- [demo] [restartedMain] o.apache.catalina.core.StandardService   : Starting service [Tomcat]
2026-08-02T17:47:24.859+07:00  INFO 36708 --- [demo] [restartedMain] o.apache.catalina.core.StandardEngine    : Starting Servlet engine: [Apache Tomcat/11.0.22]
2026-08-02T17:47:24.862+07:00  INFO 36708 --- [demo] [restartedMain] b.w.c.s.WebApplicationContextInitializer : Root WebApplicationContext: initialization completed in 65 ms
2026-08-02T17:47:24.905+07:00  INFO 36708 --- [demo] [restartedMain] r$InitializeUserDetailsManagerConfigurer : Global AuthenticationManager configured with UserDetailsService bean with name inMemoryUserDetailsManager
2026-08-02T17:47:24.915+07:00  INFO 36708 --- [demo] [restartedMain] o.s.boot.tomcat.TomcatWebServer          : Tomcat started on port 8080 (http) with context path '/'
2026-08-02T17:47:24.917+07:00  INFO 36708 --- [demo] [restartedMain] com.example.demo.DemoApplication         : Started DemoApplication in 0.131 seconds (process running for 2265.484)
2026-08-02T17:47:24.917+07:00  INFO 36708 --- [demo] [restartedMain] .ConditionEvaluationDeltaLoggingListener : Condition evaluation unchanged
2026-08-02T17:47:24.918+07:00  INFO 36708 --- [demo] [restartedMain] com.example.demo.PortLogger              : Ứng dụng đang lắng nghe tại cổng: 8080
2026-08-02T17:47:27.465+07:00  INFO 36708 --- [demo] [http-nio-8080-exec-2] o.a.c.c.C.[Tomcat-7].[localhost].[/]     : Initializing Spring DispatcherServlet 'dispatcherServlet'
2026-08-02T17:55:14.837+07:00  INFO 36708 --- [demo] [SpringApplicationShutdownHook] o.s.boot.tomcat.GracefulShutdown         : Commencing graceful shutdown. Waiting for active requests to complete
2026-08-02T17:55:14.839+07:00  INFO 36708 --- [demo] [tomcat-shutdown] o.s.boot.tomcat.GracefulShutdown         : Graceful shutdown complete
